
/Users/nithya-22218/Kanakkupulla/src/app/(main)/analytics/page.tsx
   41:52  error  Unexpected any. Specify a different type  @typescript-eslint/no-explicit-any
  101:30  error  Unexpected any. Specify a different type  @typescript-eslint/no-explicit-any
  105:43  error  Unexpected any. Specify a different type  @typescript-eslint/no-explicit-any
  256:33  error  Unexpected any. Specify a different type  @typescript-eslint/no-explicit-any
  302:40  error  Unexpected any. Specify a different type  @typescript-eslint/no-explicit-any
  342:37  error  Unexpected any. Specify a different type  @typescript-eslint/no-explicit-any
  366:72  error  Unexpected any. Specify a different type  @typescript-eslint/no-explicit-any
  413:43  error  Unexpected any. Specify a different type  @typescript-eslint/no-explicit-any
  453:50  error  Unexpected any. Specify a different type  @typescript-eslint/no-explicit-any
  490:58  error  Unexpected any. Specify a different type  @typescript-eslint/no-explicit-any

/Users/nithya-22218/Kanakkupulla/src/app/(main)/bookings/album-status/AlbumStatusClient.tsx
   12:11   error  Unexpected any. Specify a different type                @typescript-eslint/no-explicit-any
   13:15   error  Unexpected any. Specify a different type                @typescript-eslint/no-explicit-any
   30:140  error  Unexpected any. Specify a different type                @typescript-eslint/no-explicit-any
   33:96   error  Unexpected any. Specify a different type                @typescript-eslint/no-explicit-any
   63:21   error  Unexpected any. Specify a different type                @typescript-eslint/no-explicit-any
   70:21   error  Unexpected any. Specify a different type                @typescript-eslint/no-explicit-any
   77:21   error  Unexpected any. Specify a different type                @typescript-eslint/no-explicit-any
   85:21   error  Unexpected any. Specify a different type                @typescript-eslint/no-explicit-any
  102:21   error  Unexpected any. Specify a different type                @typescript-eslint/no-explicit-any
  193:54   error  Unexpected any. Specify a different type                @typescript-eslint/no-explicit-any
  237:43   error  Unexpected any. Specify a different type                @typescript-eslint/no-explicit-any
  238:32   error  Unexpected any. Specify a different type                @typescript-eslint/no-explicit-any
  252:25   error  'statusLabel' is never reassigned. Use 'const' instead  prefer-const
  377:28   error  Unexpected any. Specify a different type                @typescript-eslint/no-explicit-any
  382:21   error  'statusLabel' is never reassigned. Use 'const' instead  prefer-const

/Users/nithya-22218/Kanakkupulla/src/app/(main)/bookings/album-status/page.tsx
  40:35  error  Unexpected any. Specify a different type  @typescript-eslint/no-explicit-any
  41:35  error  Unexpected any. Specify a different type  @typescript-eslint/no-explicit-any
  42:35  error  Unexpected any. Specify a different type  @typescript-eslint/no-explicit-any
  57:57  error  Unexpected any. Specify a different type  @typescript-eslint/no-explicit-any

/Users/nithya-22218/Kanakkupulla/src/app/(main)/bookings/allBookings/page.tsx
  18:22  error  Unexpected any. Specify a different type  @typescript-eslint/no-explicit-any
  57:25  error  Unexpected any. Specify a different type  @typescript-eslint/no-explicit-any
  58:48  error  Unexpected any. Specify a different type  @typescript-eslint/no-explicit-any

/Users/nithya-22218/Kanakkupulla/src/app/(main)/bookings/details/[id]/page.tsx
  29:31  error  Unexpected any. Specify a different type  @typescript-eslint/no-explicit-any
  30:54  error  Unexpected any. Specify a different type  @typescript-eslint/no-explicit-any

/Users/nithya-22218/Kanakkupulla/src/app/(main)/bookings/layout.tsx
   38:47  error  Unexpected any. Specify a different type  @typescript-eslint/no-explicit-any
   48:45  error  Unexpected any. Specify a different type  @typescript-eslint/no-explicit-any
   48:53  error  Unexpected any. Specify a different type  @typescript-eslint/no-explicit-any
   57:33  error  Unexpected any. Specify a different type  @typescript-eslint/no-explicit-any
   70:37  error  Unexpected any. Specify a different type  @typescript-eslint/no-explicit-any
   92:64  error  Unexpected any. Specify a different type  @typescript-eslint/no-explicit-any
  107:42  error  Unexpected any. Specify a different type  @typescript-eslint/no-explicit-any

/Users/nithya-22218/Kanakkupulla/src/app/(main)/bookings/upcoming/page.tsx
  35:25  error  Unexpected any. Specify a different type  @typescript-eslint/no-explicit-any

/Users/nithya-22218/Kanakkupulla/src/app/(main)/dashboard/overview/page.tsx
  200:44  error  Unexpected any. Specify a different type  @typescript-eslint/no-explicit-any
  267:44  error  Unexpected any. Specify a different type  @typescript-eslint/no-explicit-any

/Users/nithya-22218/Kanakkupulla/src/app/(main)/gifts/page.tsx
  44:30  error  Unexpected any. Specify a different type  @typescript-eslint/no-explicit-any
  48:42  error  Unexpected any. Specify a different type  @typescript-eslint/no-explicit-any
  49:45  error  Unexpected any. Specify a different type  @typescript-eslint/no-explicit-any
  50:40  error  Unexpected any. Specify a different type  @typescript-eslint/no-explicit-any
  52:46  error  Unexpected any. Specify a different type  @typescript-eslint/no-explicit-any
  53:46  error  Unexpected any. Specify a different type  @typescript-eslint/no-explicit-any

/Users/nithya-22218/Kanakkupulla/src/app/(main)/settings/page.tsx
   74:7   error  Error: Calling setState synchronously within an effect can trigger cascading renders

Effects are intended to synchronize state between React and external systems such as manually updating the DOM, state management libraries, or other platform APIs. In general, the body of an effect should do one or both of the following:
* Update external systems with the latest state from React.
* Subscribe for updates from some external system, calling setState in a callback function when external state changes.

Calling setState synchronously within an effect body causes cascading renders that can hurt performance, and is not recommended. (https://react.dev/learn/you-might-not-need-an-effect).

/Users/nithya-22218/Kanakkupulla/src/app/(main)/settings/page.tsx:74:7
  72 |     const section = searchParams.get("section") as SectionId;
  73 |     if (section && GROUPS.some(g => g.items.some(i => i.id === section)) && section !== activeSection) {
> 74 |       setActiveSection(section);
     |       ^^^^^^^^^^^^^^^^ Avoid calling setState() directly within an effect
  75 |       setDisplayedSection(section);
  76 |     }
  77 |   }, [searchParams]);                                                                                                                                                                                                                                                                                            react-hooks/set-state-in-effect
   81:7   error  Error: Calling setState synchronously within an effect can trigger cascading renders

Effects are intended to synchronize state between React and external systems such as manually updating the DOM, state management libraries, or other platform APIs. In general, the body of an effect should do one or both of the following:
* Update external systems with the latest state from React.
* Subscribe for updates from some external system, calling setState in a callback function when external state changes.

Calling setState synchronously within an effect body causes cascading renders that can hurt performance, and is not recommended. (https://react.dev/learn/you-might-not-need-an-effect).

/Users/nithya-22218/Kanakkupulla/src/app/(main)/settings/page.tsx:81:7
  79 |   useEffect(() => {
  80 |     if (searchParams.get("menu") === "open") {
> 81 |       setIsMobileMenuOpen(true);
     |       ^^^^^^^^^^^^^^^^^^^ Avoid calling setState() directly within an effect
  82 |       window.history.replaceState(null, '', `?section=${activeSection}`);
  83 |     }
  84 |   }, [searchParams, activeSection]);                                                                                                                                                                                                                                                                                                                                        react-hooks/set-state-in-effect
  147:10  error  Error: Cannot create components during render

Components created during render will reset their state each time they are created. Declare components outside of render.

/Users/nithya-22218/Kanakkupulla/src/app/(main)/settings/page.tsx:147:10
  145 |       {/* Desktop Sidebar */}
  146 |       <aside className="hidden md:block w-[220px] shrink-0 bg-white rounded-2xl border border-gray-200 shadow-sm h-[calc(100vh-140px)] sticky top-6">
> 147 |         <SidebarContent />
      |          ^^^^^^^^^^^^^^ This component is created during render
  148 |       </aside>
  149 |
  150 |       {/* Mobile Bottom Sheet Overlay */}

/Users/nithya-22218/Kanakkupulla/src/app/(main)/settings/page.tsx:111:26
  109 |   };
  110 |
> 111 |   const SidebarContent = () => (
      |                          ^^^^^^^
> 112 |     <div className="flex flex-col h-full py-4 px-3 overflow-y-auto no-scrollbar">
      | ^^^^^^^^^^^^^^^^^^^^^^^^^^^^^^^^^^^^^^^^^^^^^^^^^^^^^^^^^^^^^^^^^^^^^^^^^^^^^^^^^
> 113 |       {GROUPS.map((group, groupIdx) => (
      …
      | ^^^^^^^^^^^^^^^^^^^^^^^^^^^^^^^^^^^^^^^^^^^^^^^^^^^^^^^^^^^^^^^^^^^^^^^^^^^^^^^^^
> 139 |     </div>
      | ^^^^^^^^^^^^^^^^^^^^^^^^^^^^^^^^^^^^^^^^^^^^^^^^^^^^^^^^^^^^^^^^^^^^^^^^^^^^^^^^^
> 140 |   );
      | ^^^^ The component is created during render here
  141 |
  142 |   return (
  143 |     <div className="w-full h-full flex flex-col md:flex-row gap-6 lg:gap-8 relative">  react-hooks/static-components
  168:16  error  Error: Cannot create components during render

Components created during render will reset their state each time they are created. Declare components outside of render.

/Users/nithya-22218/Kanakkupulla/src/app/(main)/settings/page.tsx:168:16
  166 |             </div>
  167 |             <div className="flex-1 overflow-y-auto p-2 pb-8">
> 168 |               <SidebarContent />
      |                ^^^^^^^^^^^^^^ This component is created during render
  169 |             </div>
  170 |           </div>
  171 |         </div>

/Users/nithya-22218/Kanakkupulla/src/app/(main)/settings/page.tsx:111:26
  109 |   };
  110 |
> 111 |   const SidebarContent = () => (
      |                          ^^^^^^^
> 112 |     <div className="flex flex-col h-full py-4 px-3 overflow-y-auto no-scrollbar">
      | ^^^^^^^^^^^^^^^^^^^^^^^^^^^^^^^^^^^^^^^^^^^^^^^^^^^^^^^^^^^^^^^^^^^^^^^^^^^^^^^^^
> 113 |       {GROUPS.map((group, groupIdx) => (
      …
      | ^^^^^^^^^^^^^^^^^^^^^^^^^^^^^^^^^^^^^^^^^^^^^^^^^^^^^^^^^^^^^^^^^^^^^^^^^^^^^^^^^
> 139 |     </div>
      | ^^^^^^^^^^^^^^^^^^^^^^^^^^^^^^^^^^^^^^^^^^^^^^^^^^^^^^^^^^^^^^^^^^^^^^^^^^^^^^^^^
> 140 |   );
      | ^^^^ The component is created during render here
  141 |
  142 |   return (
  143 |     <div className="w-full h-full flex flex-col md:flex-row gap-6 lg:gap-8 relative">                                                                                               react-hooks/static-components

/Users/nithya-22218/Kanakkupulla/src/app/(main)/transactions/allTransactions/TransactionsClient.tsx
   68:52   error  Unexpected any. Specify a different type                                                                                                                                                                                                                                                                                                                                                                                                                                                                                                                                                                                                                                                                                                                                                                                                                                                                                                                                                                                                          @typescript-eslint/no-explicit-any
  178:33   error  Unexpected any. Specify a different type                                                                                                                                                                                                                                                                                                                                                                                                                                                                                                                                                                                                                                                                                                                                                                                                                                                                                                                                                                                                          @typescript-eslint/no-explicit-any
  238:32   error  Unexpected any. Specify a different type                                                                                                                                                                                                                                                                                                                                                                                                                                                                                                                                                                                                                                                                                                                                                                                                                                                                                                                                                                                                          @typescript-eslint/no-explicit-any
  402:5    error  Error: Calling setState synchronously within an effect can trigger cascading renders

Effects are intended to synchronize state between React and external systems such as manually updating the DOM, state management libraries, or other platform APIs. In general, the body of an effect should do one or both of the following:
* Update external systems with the latest state from React.
* Subscribe for updates from some external system, calling setState in a callback function when external state changes.

Calling setState synchronously within an effect body causes cascading renders that can hurt performance, and is not recommended. (https://react.dev/learn/you-might-not-need-an-effect).

/Users/nithya-22218/Kanakkupulla/src/app/(main)/transactions/allTransactions/TransactionsClient.tsx:402:5
  400 |
  401 |   useEffect(() => {
> 402 |     fetchTransactions();
      |     ^^^^^^^^^^^^^^^^^ Avoid calling setState() directly within an effect
  403 |   }, [fetchTransactions]);
  404 |
  405 |   return (  react-hooks/set-state-in-effect
  553:44   error  Unexpected any. Specify a different type                                                                                                                                                                                                                                                                                                                                                                                                                                                                                                                                                                                                                                                                                                                                                                                                                                                                                                                                                                                                          @typescript-eslint/no-explicit-any
  594:46   error  Unexpected any. Specify a different type                                                                                                                                                                                                                                                                                                                                                                                                                                                                                                                                                                                                                                                                                                                                                                                                                                                                                                                                                                                                          @typescript-eslint/no-explicit-any
  648:131  error  Unexpected any. Specify a different type                                                                                                                                                                                                                                                                                                                                                                                                                                                                                                                                                                                                                                                                                                                                                                                                                                                                                                                                                                                                          @typescript-eslint/no-explicit-any
  779:52   error  Unexpected any. Specify a different type                                                                                                                                                                                                                                                                                                                                                                                                                                                                                                                                                                                                                                                                                                                                                                                                                                                                                                                                                                                                          @typescript-eslint/no-explicit-any

/Users/nithya-22218/Kanakkupulla/src/app/(main)/transactions/overview/page.tsx
   153:69   error  Unexpected any. Specify a different type                                                                                                                                                                                                                                                                                                                                                                                                                                                                                                                                                                                                                                                                     @typescript-eslint/no-explicit-any
   157:74   error  Unexpected any. Specify a different type                                                                                                                                                                                                                                                                                                                                                                                                                                                                                                                                                                                                                                                                     @typescript-eslint/no-explicit-any
   158:72   error  Unexpected any. Specify a different type                                                                                                                                                                                                                                                                                                                                                                                                                                                                                                                                                                                                                                                                     @typescript-eslint/no-explicit-any
   164:19   error  Unexpected any. Specify a different type                                                                                                                                                                                                                                                                                                                                                                                                                                                                                                                                                                                                                                                                     @typescript-eslint/no-explicit-any
   194:48   error  Unexpected any. Specify a different type                                                                                                                                                                                                                                                                                                                                                                                                                                                                                                                                                                                                                                                                     @typescript-eslint/no-explicit-any
   198:5    error  Error: Cannot reassign variable after render completes

Reassigning `cumulativePct` after render has completed can cause inconsistent behavior on subsequent renders. Consider using state instead.

/Users/nithya-22218/Kanakkupulla/src/app/(main)/transactions/overview/page.tsx:198:5
  196 |     const dashoffset = dasharray - (data.pct * dasharray);
  197 |     const rotation = cumulativePct * 360;
> 198 |     cumulativePct += data.pct;
      |     ^^^^^^^^^^^^^ Cannot reassign `cumulativePct` after render completes
  199 |     const definedBg = categoryColors[data.category]?.bg;
  200 |     const colorName = definedBg ? definedBg.split('-')[1] : undefined;
  201 |     return {  react-hooks/immutability
   236:28   error  Unexpected any. Specify a different type                                                                                                                                                                                                                                                                                                                                                                                                                                                                                                                                                                                                                                                                     @typescript-eslint/no-explicit-any
   264:62   error  Unexpected any. Specify a different type                                                                                                                                                                                                                                                                                                                                                                                                                                                                                                                                                                                                                                                                     @typescript-eslint/no-explicit-any
   264:104  error  Unexpected any. Specify a different type                                                                                                                                                                                                                                                                                                                                                                                                                                                                                                                                                                                                                                                                     @typescript-eslint/no-explicit-any
   264:112  error  Unexpected any. Specify a different type                                                                                                                                                                                                                                                                                                                                                                                                                                                                                                                                                                                                                                                                     @typescript-eslint/no-explicit-any
   269:64   error  Unexpected any. Specify a different type                                                                                                                                                                                                                                                                                                                                                                                                                                                                                                                                                                                                                                                                     @typescript-eslint/no-explicit-any
   269:107  error  Unexpected any. Specify a different type                                                                                                                                                                                                                                                                                                                                                                                                                                                                                                                                                                                                                                                                     @typescript-eslint/no-explicit-any
   269:115  error  Unexpected any. Specify a different type                                                                                                                                                                                                                                                                                                                                                                                                                                                                                                                                                                                                                                                                     @typescript-eslint/no-explicit-any
   278:60   error  Unexpected any. Specify a different type                                                                                                                                                                                                                                                                                                                                                                                                                                                                                                                                                                                                                                                                     @typescript-eslint/no-explicit-any
   287:63   error  Unexpected any. Specify a different type                                                                                                                                                                                                                                                                                                                                                                                                                                                                                                                                                                                                                                                                     @typescript-eslint/no-explicit-any
   295:53   error  Unexpected any. Specify a different type                                                                                                                                                                                                                                                                                                                                                                                                                                                                                                                                                                                                                                                                     @typescript-eslint/no-explicit-any
   295:126  error  Unexpected any. Specify a different type                                                                                                                                                                                                                                                                                                                                                                                                                                                                                                                                                                                                                                                                     @typescript-eslint/no-explicit-any
   296:52   error  Unexpected any. Specify a different type                                                                                                                                                                                                                                                                                                                                                                                                                                                                                                                                                                                                                                                                     @typescript-eslint/no-explicit-any
   296:124  error  Unexpected any. Specify a different type                                                                                                                                                                                                                                                                                                                                                                                                                                                                                                                                                                                                                                                                     @typescript-eslint/no-explicit-any
   329:32   error  Unexpected any. Specify a different type                                                                                                                                                                                                                                                                                                                                                                                                                                                                                                                                                                                                                                                                     @typescript-eslint/no-explicit-any
   342:145  error  `'` can be escaped with `&apos;`, `&lsquo;`, `&#39;`, `&rsquo;`                                                                                                                                                                                                                                                                                                                                                                                                                                                                                                                                                                                                                                              react/no-unescaped-entities
   369:145  error  `'` can be escaped with `&apos;`, `&lsquo;`, `&#39;`, `&rsquo;`                                                                                                                                                                                                                                                                                                                                                                                                                                                                                                                                                                                                                                              react/no-unescaped-entities
   637:62   error  Unexpected any. Specify a different type                                                                                                                                                                                                                                                                                                                                                                                                                                                                                                                                                                                                                                                                     @typescript-eslint/no-explicit-any
   706:121  error  `'` can be escaped with `&apos;`, `&lsquo;`, `&#39;`, `&rsquo;`                                                                                                                                                                                                                                                                                                                                                                                                                                                                                                                                                                                                                                              react/no-unescaped-entities
   763:46   error  Unexpected any. Specify a different type                                                                                                                                                                                                                                                                                                                                                                                                                                                                                                                                                                                                                                                                     @typescript-eslint/no-explicit-any
   765:48   error  Unexpected any. Specify a different type                                                                                                                                                                                                                                                                                                                                                                                                                                                                                                                                                                                                                                                                     @typescript-eslint/no-explicit-any
   796:56   error  Unexpected any. Specify a different type                                                                                                                                                                                                                                                                                                                                                                                                                                                                                                                                                                                                                                                                     @typescript-eslint/no-explicit-any
   976:62   error  Unexpected any. Specify a different type                                                                                                                                                                                                                                                                                                                                                                                                                                                                                                                                                                                                                                                                     @typescript-eslint/no-explicit-any
  1000:52   error  Unexpected any. Specify a different type                                                                                                                                                                                                                                                                                                                                                                                                                                                                                                                                                                                                                                                                     @typescript-eslint/no-explicit-any
  1265:94   error  `'` can be escaped with `&apos;`, `&lsquo;`, `&#39;`, `&rsquo;`                                                                                                                                                                                                                                                                                                                                                                                                                                                                                                                                                                                                                                              react/no-unescaped-entities

/Users/nithya-22218/Kanakkupulla/src/app/actions.ts
   20:38   error  Unexpected any. Specify a different type  @typescript-eslint/no-explicit-any
   64:99   error  Unexpected any. Specify a different type  @typescript-eslint/no-explicit-any
   67:37   error  Unexpected any. Specify a different type  @typescript-eslint/no-explicit-any
   67:96   error  Unexpected any. Specify a different type  @typescript-eslint/no-explicit-any
  101:42   error  Unexpected any. Specify a different type  @typescript-eslint/no-explicit-any
  116:22   error  A `require()` style import is forbidden   @typescript-eslint/no-require-imports
  146:94   error  Unexpected any. Specify a different type  @typescript-eslint/no-explicit-any
  149:40   error  Unexpected any. Specify a different type  @typescript-eslint/no-explicit-any
  150:40   error  Unexpected any. Specify a different type  @typescript-eslint/no-explicit-any
  184:37   error  Unexpected any. Specify a different type  @typescript-eslint/no-explicit-any
  217:40   error  Unexpected any. Specify a different type  @typescript-eslint/no-explicit-any
  238:25   error  Unexpected any. Specify a different type  @typescript-eslint/no-explicit-any
  240:62   error  Unexpected any. Specify a different type  @typescript-eslint/no-explicit-any
  251:62   error  Unexpected any. Specify a different type  @typescript-eslint/no-explicit-any
  280:37   error  Unexpected any. Specify a different type  @typescript-eslint/no-explicit-any
  290:109  error  Unexpected any. Specify a different type  @typescript-eslint/no-explicit-any
  296:63   error  Unexpected any. Specify a different type  @typescript-eslint/no-explicit-any
  307:25   error  Unexpected any. Specify a different type  @typescript-eslint/no-explicit-any
  312:27   error  Unexpected any. Specify a different type  @typescript-eslint/no-explicit-any
  312:82   error  Unexpected any. Specify a different type  @typescript-eslint/no-explicit-any

/Users/nithya-22218/Kanakkupulla/src/app/api/banner/route.ts
  27:60  error  Unexpected any. Specify a different type  @typescript-eslint/no-explicit-any
  91:17  error  Unexpected any. Specify a different type  @typescript-eslint/no-explicit-any
  92:17  error  Unexpected any. Specify a different type  @typescript-eslint/no-explicit-any

/Users/nithya-22218/Kanakkupulla/src/app/api/bookings/[id]/route.ts
   71:32  error  Unexpected any. Specify a different type  @typescript-eslint/no-explicit-any
   71:91  error  Unexpected any. Specify a different type  @typescript-eslint/no-explicit-any
   79:34  error  Unexpected any. Specify a different type  @typescript-eslint/no-explicit-any
   92:39  error  Unexpected any. Specify a different type  @typescript-eslint/no-explicit-any
  125:36  error  Unexpected any. Specify a different type  @typescript-eslint/no-explicit-any
  144:39  error  Unexpected any. Specify a different type  @typescript-eslint/no-explicit-any
  145:43  error  Unexpected any. Specify a different type  @typescript-eslint/no-explicit-any
  153:36  error  Unexpected any. Specify a different type  @typescript-eslint/no-explicit-any

/Users/nithya-22218/Kanakkupulla/src/app/api/bookings/[id]/status/route.ts
  22:25  error  Unexpected any. Specify a different type  @typescript-eslint/no-explicit-any
  22:71  error  Unexpected any. Specify a different type  @typescript-eslint/no-explicit-any
  25:63  error  Unexpected any. Specify a different type  @typescript-eslint/no-explicit-any
  39:63  error  Unexpected any. Specify a different type  @typescript-eslint/no-explicit-any
  45:63  error  Unexpected any. Specify a different type  @typescript-eslint/no-explicit-any

/Users/nithya-22218/Kanakkupulla/src/app/api/bookings/overview/route.ts
    6:34  error  Unexpected any. Specify a different type  @typescript-eslint/no-explicit-any
   14:36  error  Unexpected any. Specify a different type  @typescript-eslint/no-explicit-any
   67:19  error  Unexpected any. Specify a different type  @typescript-eslint/no-explicit-any
   68:27  error  Unexpected any. Specify a different type  @typescript-eslint/no-explicit-any
   69:25  error  Unexpected any. Specify a different type  @typescript-eslint/no-explicit-any
  120:26  error  Unexpected any. Specify a different type  @typescript-eslint/no-explicit-any
  121:26  error  Unexpected any. Specify a different type  @typescript-eslint/no-explicit-any
  122:15  error  Unexpected any. Specify a different type  @typescript-eslint/no-explicit-any
  124:30  error  Unexpected any. Specify a different type  @typescript-eslint/no-explicit-any

/Users/nithya-22218/Kanakkupulla/src/app/api/bookings/route.ts
  21:24  error  Unexpected any. Specify a different type  @typescript-eslint/no-explicit-any
  77:20  error  A `require()` style import is forbidden   @typescript-eslint/no-require-imports
  91:38  error  Unexpected any. Specify a different type  @typescript-eslint/no-explicit-any

/Users/nithya-22218/Kanakkupulla/src/app/api/budget/overview/route.ts
  82:19  error  Unexpected any. Specify a different type  @typescript-eslint/no-explicit-any

/Users/nithya-22218/Kanakkupulla/src/app/api/clients/route.ts
  18:18  error  Unexpected any. Specify a different type  @typescript-eslint/no-explicit-any

/Users/nithya-22218/Kanakkupulla/src/app/api/cron/daily-reminders/route.ts
  53:44  error  Unexpected any. Specify a different type  @typescript-eslint/no-explicit-any

/Users/nithya-22218/Kanakkupulla/src/app/api/cron/reminders/route.ts
   33:41  error  Unexpected any. Specify a different type  @typescript-eslint/no-explicit-any
   82:42  error  Unexpected any. Specify a different type  @typescript-eslint/no-explicit-any
  183:15  error  Unexpected any. Specify a different type  @typescript-eslint/no-explicit-any
  211:15  error  Unexpected any. Specify a different type  @typescript-eslint/no-explicit-any
  281:19  error  Unexpected any. Specify a different type  @typescript-eslint/no-explicit-any

/Users/nithya-22218/Kanakkupulla/src/app/api/dashboard/overview/route.ts
  12:37  error  Unexpected any. Specify a different type  @typescript-eslint/no-explicit-any
  97:38  error  Unexpected any. Specify a different type  @typescript-eslint/no-explicit-any

/Users/nithya-22218/Kanakkupulla/src/app/api/gifts/orders/[id]/route.ts
   40:27  error  Unexpected any. Specify a different type  @typescript-eslint/no-explicit-any
   52:63  error  Unexpected any. Specify a different type  @typescript-eslint/no-explicit-any
   64:34  error  Unexpected any. Specify a different type  @typescript-eslint/no-explicit-any
   95:26  error  Unexpected any. Specify a different type  @typescript-eslint/no-explicit-any
  103:19  error  Unexpected any. Specify a different type  @typescript-eslint/no-explicit-any
  116:35  error  Unexpected any. Specify a different type  @typescript-eslint/no-explicit-any

/Users/nithya-22218/Kanakkupulla/src/app/api/gifts/orders/route.ts
  22:24  error  Unexpected any. Specify a different type  @typescript-eslint/no-explicit-any
  62:38  error  Unexpected any. Specify a different type  @typescript-eslint/no-explicit-any
  65:23  error  Unexpected any. Specify a different type  @typescript-eslint/no-explicit-any
  66:36  error  Unexpected any. Specify a different type  @typescript-eslint/no-explicit-any

/Users/nithya-22218/Kanakkupulla/src/app/api/integrations/google/route.ts
  15:34  error  Unexpected any. Specify a different type  @typescript-eslint/no-explicit-any
  54:34  error  Unexpected any. Specify a different type  @typescript-eslint/no-explicit-any
  71:34  error  Unexpected any. Specify a different type  @typescript-eslint/no-explicit-any

/Users/nithya-22218/Kanakkupulla/src/app/api/integrations/google/share/route.ts
  20:34  error  Unexpected any. Specify a different type  @typescript-eslint/no-explicit-any

/Users/nithya-22218/Kanakkupulla/src/app/api/integrations/google/thumbnail/route.ts
  42:17  error  Unexpected any. Specify a different type  @typescript-eslint/no-explicit-any

/Users/nithya-22218/Kanakkupulla/src/app/api/integrations/google/token/route.ts
  15:19  error  Unexpected any. Specify a different type  @typescript-eslint/no-explicit-any

/Users/nithya-22218/Kanakkupulla/src/app/api/integrations/google/upload/route.ts
   14:37  error  Unexpected any. Specify a different type  @typescript-eslint/no-explicit-any
   47:23  error  Unexpected any. Specify a different type  @typescript-eslint/no-explicit-any
   75:24  error  Unexpected any. Specify a different type  @typescript-eslint/no-explicit-any
  145:17  error  Unexpected any. Specify a different type  @typescript-eslint/no-explicit-any

/Users/nithya-22218/Kanakkupulla/src/app/api/notifications/[id]/snooze/route.ts
  48:19  error  Unexpected any. Specify a different type  @typescript-eslint/no-explicit-any

/Users/nithya-22218/Kanakkupulla/src/app/api/notifications/route.ts
  29:24  error  Unexpected any. Specify a different type  @typescript-eslint/no-explicit-any
  63:41  error  Unexpected any. Specify a different type  @typescript-eslint/no-explicit-any
  72:38  error  Unexpected any. Specify a different type  @typescript-eslint/no-explicit-any
  78:19  error  Unexpected any. Specify a different type  @typescript-eslint/no-explicit-any

/Users/nithya-22218/Kanakkupulla/src/app/api/permissions/route.ts
  84:37  error  Unexpected any. Specify a different type  @typescript-eslint/no-explicit-any

/Users/nithya-22218/Kanakkupulla/src/app/api/product-orders/[id]/route.ts
  91:35  error  Unexpected any. Specify a different type  @typescript-eslint/no-explicit-any
  92:39  error  Unexpected any. Specify a different type  @typescript-eslint/no-explicit-any

/Users/nithya-22218/Kanakkupulla/src/app/api/product-orders/route.ts
  63:34  error  Unexpected any. Specify a different type  @typescript-eslint/no-explicit-any

/Users/nithya-22218/Kanakkupulla/src/app/api/recycle-bin/[id]/restore/route.ts
   43:21  error  Unexpected any. Specify a different type  @typescript-eslint/no-explicit-any
   54:19  error  Unexpected any. Specify a different type  @typescript-eslint/no-explicit-any
  134:34  error  Unexpected any. Specify a different type  @typescript-eslint/no-explicit-any

/Users/nithya-22218/Kanakkupulla/src/app/api/recycle-bin/[id]/route.ts
   34:51   error  Unexpected any. Specify a different type  @typescript-eslint/no-explicit-any
   67:32   error  Unexpected any. Specify a different type  @typescript-eslint/no-explicit-any
   69:100  error  Unexpected any. Specify a different type  @typescript-eslint/no-explicit-any
   70:56   error  Unexpected any. Specify a different type  @typescript-eslint/no-explicit-any
  116:54   error  Unexpected any. Specify a different type  @typescript-eslint/no-explicit-any
  159:34   error  Unexpected any. Specify a different type  @typescript-eslint/no-explicit-any

/Users/nithya-22218/Kanakkupulla/src/app/api/recycle-bin/empty/route.ts
  11:37  error  Unexpected any. Specify a different type  @typescript-eslint/no-explicit-any
  46:34  error  Unexpected any. Specify a different type  @typescript-eslint/no-explicit-any

/Users/nithya-22218/Kanakkupulla/src/app/api/recycle-bin/restore/route.ts
   38:21  error  Unexpected any. Specify a different type  @typescript-eslint/no-explicit-any
   49:21  error  Unexpected any. Specify a different type  @typescript-eslint/no-explicit-any
  122:34  error  Unexpected any. Specify a different type  @typescript-eslint/no-explicit-any

/Users/nithya-22218/Kanakkupulla/src/app/api/recycle-bin/route.ts
   21:24   error  Unexpected any. Specify a different type  @typescript-eslint/no-explicit-any
   30:50   error  Unexpected any. Specify a different type  @typescript-eslint/no-explicit-any
   60:107  error  Unexpected any. Specify a different type  @typescript-eslint/no-explicit-any
   73:19   error  Unexpected any. Specify a different type  @typescript-eslint/no-explicit-any
   86:38   error  Unexpected any. Specify a different type  @typescript-eslint/no-explicit-any
   87:42   error  Unexpected any. Specify a different type  @typescript-eslint/no-explicit-any
  173:34   error  Unexpected any. Specify a different type  @typescript-eslint/no-explicit-any

/Users/nithya-22218/Kanakkupulla/src/app/api/search/route.ts
  20:20  error  Unexpected any. Specify a different type  @typescript-eslint/no-explicit-any

/Users/nithya-22218/Kanakkupulla/src/app/api/settings/budgets/route.ts
  31:37  error  Unexpected any. Specify a different type  @typescript-eslint/no-explicit-any

/Users/nithya-22218/Kanakkupulla/src/app/api/settings/layouts/[formKey]/route.ts
  37:14  error  Unexpected any. Specify a different type  @typescript-eslint/no-explicit-any

/Users/nithya-22218/Kanakkupulla/src/app/api/settings/layouts/check-usage/route.ts
  8:53  error  Unexpected any. Specify a different type  @typescript-eslint/no-explicit-any

/Users/nithya-22218/Kanakkupulla/src/app/api/settings/layouts/migrate-value/route.ts
  8:53  error  Unexpected any. Specify a different type  @typescript-eslint/no-explicit-any

/Users/nithya-22218/Kanakkupulla/src/app/api/settings/layouts/route.ts
  29:37  error  Unexpected any. Specify a different type  @typescript-eslint/no-explicit-any

/Users/nithya-22218/Kanakkupulla/src/app/api/settings/system/route.ts
  45:39  error  Unexpected any. Specify a different type  @typescript-eslint/no-explicit-any
  73:24  error  Unexpected any. Specify a different type  @typescript-eslint/no-explicit-any

/Users/nithya-22218/Kanakkupulla/src/app/api/system-logs/route.ts
  17:24  error  Unexpected any. Specify a different type  @typescript-eslint/no-explicit-any

/Users/nithya-22218/Kanakkupulla/src/app/api/transactions/[id]/route.ts
   22:35   error  Unexpected any. Specify a different type  @typescript-eslint/no-explicit-any
   43:48   error  Unexpected any. Specify a different type  @typescript-eslint/no-explicit-any
  139:38   error  Unexpected any. Specify a different type  @typescript-eslint/no-explicit-any
  140:26   error  Unexpected any. Specify a different type  @typescript-eslint/no-explicit-any
  141:20   error  Unexpected any. Specify a different type  @typescript-eslint/no-explicit-any
  158:46   error  Unexpected any. Specify a different type  @typescript-eslint/no-explicit-any
  174:48   error  Unexpected any. Specify a different type  @typescript-eslint/no-explicit-any
  217:35   error  Unexpected any. Specify a different type  @typescript-eslint/no-explicit-any
  245:38   error  Unexpected any. Specify a different type  @typescript-eslint/no-explicit-any
  245:139  error  Unexpected any. Specify a different type  @typescript-eslint/no-explicit-any
  306:35   error  Unexpected any. Specify a different type  @typescript-eslint/no-explicit-any
  335:84   error  Unexpected any. Specify a different type  @typescript-eslint/no-explicit-any

/Users/nithya-22218/Kanakkupulla/src/app/api/transactions/bulk/[groupId]/route.ts
   41:19  error  Unexpected any. Specify a different type  @typescript-eslint/no-explicit-any
   51:35  error  Unexpected any. Specify a different type  @typescript-eslint/no-explicit-any
   83:40  error  Unexpected any. Specify a different type  @typescript-eslint/no-explicit-any
  141:19  error  Unexpected any. Specify a different type  @typescript-eslint/no-explicit-any
  151:35  error  Unexpected any. Specify a different type  @typescript-eslint/no-explicit-any
  191:19  error  Unexpected any. Specify a different type  @typescript-eslint/no-explicit-any

/Users/nithya-22218/Kanakkupulla/src/app/api/transactions/bulk/route.ts
  13:37  error  Unexpected any. Specify a different type  @typescript-eslint/no-explicit-any
  24:41  error  Unexpected any. Specify a different type  @typescript-eslint/no-explicit-any
  37:40  error  Unexpected any. Specify a different type  @typescript-eslint/no-explicit-any
  87:19  error  Unexpected any. Specify a different type  @typescript-eslint/no-explicit-any

/Users/nithya-22218/Kanakkupulla/src/app/api/transactions/overview/route.ts
  17:37  error  Unexpected any. Specify a different type  @typescript-eslint/no-explicit-any
  19:24  error  Unexpected any. Specify a different type  @typescript-eslint/no-explicit-any

/Users/nithya-22218/Kanakkupulla/src/app/api/transactions/route.ts
   16:35   error  Unexpected any. Specify a different type  @typescript-eslint/no-explicit-any
   31:24   error  Unexpected any. Specify a different type  @typescript-eslint/no-explicit-any
  108:19   error  Unexpected any. Specify a different type  @typescript-eslint/no-explicit-any
  131:37   error  Unexpected any. Specify a different type  @typescript-eslint/no-explicit-any
  136:38   error  Unexpected any. Specify a different type  @typescript-eslint/no-explicit-any
  240:19   error  Unexpected any. Specify a different type  @typescript-eslint/no-explicit-any
  250:35   error  Unexpected any. Specify a different type  @typescript-eslint/no-explicit-any
  274:38   error  Unexpected any. Specify a different type  @typescript-eslint/no-explicit-any
  274:139  error  Unexpected any. Specify a different type  @typescript-eslint/no-explicit-any

/Users/nithya-22218/Kanakkupulla/src/app/api/users/[id]/route.ts
  15:37  error  Unexpected any. Specify a different type  @typescript-eslint/no-explicit-any
  28:23  error  Unexpected any. Specify a different type  @typescript-eslint/no-explicit-any
  80:42  error  Unexpected any. Specify a different type  @typescript-eslint/no-explicit-any
  81:37  error  Unexpected any. Specify a different type  @typescript-eslint/no-explicit-any

/Users/nithya-22218/Kanakkupulla/src/app/api/users/me/preferences/route.ts
  51:23  error  Unexpected any. Specify a different type  @typescript-eslint/no-explicit-any

/Users/nithya-22218/Kanakkupulla/src/app/api/users/route.ts
  31:39  error  Unexpected any. Specify a different type  @typescript-eslint/no-explicit-any
  61:37  error  Unexpected any. Specify a different type  @typescript-eslint/no-explicit-any

/Users/nithya-22218/Kanakkupulla/src/app/api/whatsapp/logout/route.ts
  8:38  error  Unexpected any. Specify a different type  @typescript-eslint/no-explicit-any

/Users/nithya-22218/Kanakkupulla/src/app/api/whatsapp/start/route.ts
  12:38  error  Unexpected any. Specify a different type  @typescript-eslint/no-explicit-any
  30:19  error  Unexpected any. Specify a different type  @typescript-eslint/no-explicit-any

/Users/nithya-22218/Kanakkupulla/src/app/api/whatsapp/status/route.ts
  14:38  error  Unexpected any. Specify a different type  @typescript-eslint/no-explicit-any
  38:19  error  Unexpected any. Specify a different type  @typescript-eslint/no-explicit-any

/Users/nithya-22218/Kanakkupulla/src/components/bookings/OverdueBookingBanners.tsx
   47:48  error  Error: Cannot call impure function during render

`Date.now` is an impure function. Calling an impure function can produce unstable results that update unpredictably when the component happens to re-render. (https://react.dev/reference/rules/components-and-hooks-must-be-pure#components-and-hooks-must-be-idempotent).

/Users/nithya-22218/Kanakkupulla/src/components/bookings/OverdueBookingBanners.tsx:47:48
  45 |
  46 |   const handleDismiss = (id: string) => {
> 47 |     const newDismissed = { ...dismissed, [id]: Date.now() };
     |                                                ^^^^^^^^^^ Cannot call impure function
  48 |     setDismissed(newDismissed);
  49 |     if (typeof window !== 'undefined') {
  50 |       window.localStorage.setItem("dismissed_bookings", JSON.stringify(newDismissed));  react-hooks/purity
   75:52  error  Unexpected any. Specify a different type                                                                                                                                                                                                                                                                                                                                                                                                                                                                                                                                                                                                                                                                                                                                                                                               @typescript-eslint/no-explicit-any
   83:38  error  Unexpected any. Specify a different type                                                                                                                                                                                                                                                                                                                                                                                                                                                                                                                                                                                                                                                                                                                                                                                               @typescript-eslint/no-explicit-any
  101:42  error  `'` can be escaped with `&apos;`, `&lsquo;`, `&#39;`, `&rsquo;`                                                                                                                                                                                                                                                                                                                                                                                                                                                                                                                                                                                                                                                                                                                                                                        react/no-unescaped-entities

/Users/nithya-22218/Kanakkupulla/src/components/dashboard/BookingDetailsModal.tsx
    35:30   error  Unexpected any. Specify a different type                                                                                                                                                                                                                                                                                                                                                                                                                                                                                                                                                                                                                                                                                                                                                                                                                                                                                                                                                                                                                                                                                                                                      @typescript-eslint/no-explicit-any
    97:52   error  Unexpected any. Specify a different type                                                                                                                                                                                                                                                                                                                                                                                                                                                                                                                                                                                                                                                                                                                                                                                                                                                                                                                                                                                                                                                                                                                                      @typescript-eslint/no-explicit-any
    98:46   error  Unexpected any. Specify a different type                                                                                                                                                                                                                                                                                                                                                                                                                                                                                                                                                                                                                                                                                                                                                                                                                                                                                                                                                                                                                                                                                                                                      @typescript-eslint/no-explicit-any
   104:28   error  Error: Calling setState synchronously within an effect can trigger cascading renders

Effects are intended to synchronize state between React and external systems such as manually updating the DOM, state management libraries, or other platform APIs. In general, the body of an effect should do one or both of the following:
* Update external systems with the latest state from React.
* Subscribe for updates from some external system, calling setState in a callback function when external state changes.

Calling setState synchronously within an effect body causes cascading renders that can hurt performance, and is not recommended. (https://react.dev/learn/you-might-not-need-an-effect).

/Users/nithya-22218/Kanakkupulla/src/components/dashboard/BookingDetailsModal.tsx:104:28
  102 |
  103 |   useEffect(() => {
> 104 |     if (layoutRes?.schema) setLayoutSchema(layoutRes.schema);
      |                            ^^^^^^^^^^^^^^^ Avoid calling setState() directly within an effect
  105 |     if (usersRes) setTeamUsers(Array.isArray(usersRes) ? usersRes : (usersRes.data || []));
  106 |   }, [layoutRes, usersRes]);
  107 |  react-hooks/set-state-in-effect
   115:59   error  Unexpected any. Specify a different type                                                                                                                                                                                                                                                                                                                                                                                                                                                                                                                                                                                                                                                                                                                                                                                                                                                                                                                                                                                                                                                                                                                                      @typescript-eslint/no-explicit-any
   115:86   error  Unexpected any. Specify a different type                                                                                                                                                                                                                                                                                                                                                                                                                                                                                                                                                                                                                                                                                                                                                                                                                                                                                                                                                                                                                                                                                                                                      @typescript-eslint/no-explicit-any
   115:158  error  Unexpected any. Specify a different type                                                                                                                                                                                                                                                                                                                                                                                                                                                                                                                                                                                                                                                                                                                                                                                                                                                                                                                                                                                                                                                                                                                                      @typescript-eslint/no-explicit-any
   115:185  error  Unexpected any. Specify a different type                                                                                                                                                                                                                                                                                                                                                                                                                                                                                                                                                                                                                                                                                                                                                                                                                                                                                                                                                                                                                                                                                                                                      @typescript-eslint/no-explicit-any
   119:64   error  Unexpected any. Specify a different type                                                                                                                                                                                                                                                                                                                                                                                                                                                                                                                                                                                                                                                                                                                                                                                                                                                                                                                                                                                                                                                                                                                                      @typescript-eslint/no-explicit-any
   119:91   error  Unexpected any. Specify a different type                                                                                                                                                                                                                                                                                                                                                                                                                                                                                                                                                                                                                                                                                                                                                                                                                                                                                                                                                                                                                                                                                                                                      @typescript-eslint/no-explicit-any
   123:62   error  Unexpected any. Specify a different type                                                                                                                                                                                                                                                                                                                                                                                                                                                                                                                                                                                                                                                                                                                                                                                                                                                                                                                                                                                                                                                                                                                                      @typescript-eslint/no-explicit-any
   249:42   error  Unexpected any. Specify a different type                                                                                                                                                                                                                                                                                                                                                                                                                                                                                                                                                                                                                                                                                                                                                                                                                                                                                                                                                                                                                                                                                                                                      @typescript-eslint/no-explicit-any
   254:40   error  Unexpected any. Specify a different type                                                                                                                                                                                                                                                                                                                                                                                                                                                                                                                                                                                                                                                                                                                                                                                                                                                                                                                                                                                                                                                                                                                                      @typescript-eslint/no-explicit-any
   274:45   error  Unexpected any. Specify a different type                                                                                                                                                                                                                                                                                                                                                                                                                                                                                                                                                                                                                                                                                                                                                                                                                                                                                                                                                                                                                                                                                                                                      @typescript-eslint/no-explicit-any
   285:57   error  Unexpected any. Specify a different type                                                                                                                                                                                                                                                                                                                                                                                                                                                                                                                                                                                                                                                                                                                                                                                                                                                                                                                                                                                                                                                                                                                                      @typescript-eslint/no-explicit-any
   287:54   error  Unexpected any. Specify a different type                                                                                                                                                                                                                                                                                                                                                                                                                                                                                                                                                                                                                                                                                                                                                                                                                                                                                                                                                                                                                                                                                                                                      @typescript-eslint/no-explicit-any
   418:25   error  'statusVal' is never reassigned. Use 'const' instead                                                                                                                                                                                                                                                                                                                                                                                                                                                                                                                                                                                                                                                                                                                                                                                                                                                                                                                                                                                                                                                                                                                          prefer-const
   419:25   error  's' is never reassigned. Use 'const' instead                                                                                                                                                                                                                                                                                                                                                                                                                                                                                                                                                                                                                                                                                                                                                                                                                                                                                                                                                                                                                                                                                                                                  prefer-const
   420:25   error  'optionsToRender' is never reassigned. Use 'const' instead                                                                                                                                                                                                                                                                                                                                                                                                                                                                                                                                                                                                                                                                                                                                                                                                                                                                                                                                                                                                                                                                                                                    prefer-const
   421:25   error  'onStatusSelect' is never reassigned. Use 'const' instead                                                                                                                                                                                                                                                                                                                                                                                                                                                                                                                                                                                                                                                                                                                                                                                                                                                                                                                                                                                                                                                                                                                     prefer-const
   422:25   error  'labelText' is never reassigned. Use 'const' instead                                                                                                                                                                                                                                                                                                                                                                                                                                                                                                                                                                                                                                                                                                                                                                                                                                                                                                                                                                                                                                                                                                                          prefer-const
   423:25   error  'isPicker' is never reassigned. Use 'const' instead                                                                                                                                                                                                                                                                                                                                                                                                                                                                                                                                                                                                                                                                                                                                                                                                                                                                                                                                                                                                                                                                                                                           prefer-const
   424:25   error  'currentActive' is never reassigned. Use 'const' instead                                                                                                                                                                                                                                                                                                                                                                                                                                                                                                                                                                                                                                                                                                                                                                                                                                                                                                                                                                                                                                                                                                                      prefer-const
   464:58   error  Unexpected any. Specify a different type                                                                                                                                                                                                                                                                                                                                                                                                                                                                                                                                                                                                                                                                                                                                                                                                                                                                                                                                                                                                                                                                                                                                      @typescript-eslint/no-explicit-any
   587:55   error  Unexpected any. Specify a different type                                                                                                                                                                                                                                                                                                                                                                                                                                                                                                                                                                                                                                                                                                                                                                                                                                                                                                                                                                                                                                                                                                                                      @typescript-eslint/no-explicit-any
   588:31   error  Unexpected any. Specify a different type                                                                                                                                                                                                                                                                                                                                                                                                                                                                                                                                                                                                                                                                                                                                                                                                                                                                                                                                                                                                                                                                                                                                      @typescript-eslint/no-explicit-any
   588:39   error  Unexpected any. Specify a different type                                                                                                                                                                                                                                                                                                                                                                                                                                                                                                                                                                                                                                                                                                                                                                                                                                                                                                                                                                                                                                                                                                                                      @typescript-eslint/no-explicit-any
   597:36   error  Unexpected any. Specify a different type                                                                                                                                                                                                                                                                                                                                                                                                                                                                                                                                                                                                                                                                                                                                                                                                                                                                                                                                                                                                                                                                                                                                      @typescript-eslint/no-explicit-any
   598:72   error  Unexpected any. Specify a different type                                                                                                                                                                                                                                                                                                                                                                                                                                                                                                                                                                                                                                                                                                                                                                                                                                                                                                                                                                                                                                                                                                                                      @typescript-eslint/no-explicit-any
   609:75   error  Unexpected any. Specify a different type                                                                                                                                                                                                                                                                                                                                                                                                                                                                                                                                                                                                                                                                                                                                                                                                                                                                                                                                                                                                                                                                                                                                      @typescript-eslint/no-explicit-any
   616:102  error  Unexpected any. Specify a different type                                                                                                                                                                                                                                                                                                                                                                                                                                                                                                                                                                                                                                                                                                                                                                                                                                                                                                                                                                                                                                                                                                                                      @typescript-eslint/no-explicit-any
   627:58   error  Unexpected any. Specify a different type                                                                                                                                                                                                                                                                                                                                                                                                                                                                                                                                                                                                                                                                                                                                                                                                                                                                                                                                                                                                                                                                                                                                      @typescript-eslint/no-explicit-any
   629:69   error  Unexpected any. Specify a different type                                                                                                                                                                                                                                                                                                                                                                                                                                                                                                                                                                                                                                                                                                                                                                                                                                                                                                                                                                                                                                                                                                                                      @typescript-eslint/no-explicit-any
   645:92   error  Unexpected any. Specify a different type                                                                                                                                                                                                                                                                                                                                                                                                                                                                                                                                                                                                                                                                                                                                                                                                                                                                                                                                                                                                                                                                                                                                      @typescript-eslint/no-explicit-any
   746:42   error  Unexpected any. Specify a different type                                                                                                                                                                                                                                                                                                                                                                                                                                                                                                                                                                                                                                                                                                                                                                                                                                                                                                                                                                                                                                                                                                                                      @typescript-eslint/no-explicit-any
   812:77   error  Unexpected any. Specify a different type                                                                                                                                                                                                                                                                                                                                                                                                                                                                                                                                                                                                                                                                                                                                                                                                                                                                                                                                                                                                                                                                                                                                      @typescript-eslint/no-explicit-any
   814:27   error  'focusVal' is never reassigned. Use 'const' instead                                                                                                                                                                                                                                                                                                                                                                                                                                                                                                                                                                                                                                                                                                                                                                                                                                                                                                                                                                                                                                                                                                                           prefer-const
   820:74   error  Unexpected any. Specify a different type                                                                                                                                                                                                                                                                                                                                                                                                                                                                                                                                                                                                                                                                                                                                                                                                                                                                                                                                                                                                                                                                                                                                      @typescript-eslint/no-explicit-any
   821:76   error  Unexpected any. Specify a different type                                                                                                                                                                                                                                                                                                                                                                                                                                                                                                                                                                                                                                                                                                                                                                                                                                                                                                                                                                                                                                                                                                                                      @typescript-eslint/no-explicit-any
   822:83   error  Unexpected any. Specify a different type                                                                                                                                                                                                                                                                                                                                                                                                                                                                                                                                                                                                                                                                                                                                                                                                                                                                                                                                                                                                                                                                                                                                      @typescript-eslint/no-explicit-any
   825:85   error  Unexpected any. Specify a different type                                                                                                                                                                                                                                                                                                                                                                                                                                                                                                                                                                                                                                                                                                                                                                                                                                                                                                                                                                                                                                                                                                                                      @typescript-eslint/no-explicit-any
   829:87   error  Unexpected any. Specify a different type                                                                                                                                                                                                                                                                                                                                                                                                                                                                                                                                                                                                                                                                                                                                                                                                                                                                                                                                                                                                                                                                                                                                      @typescript-eslint/no-explicit-any
   833:55   error  Unexpected any. Specify a different type                                                                                                                                                                                                                                                                                                                                                                                                                                                                                                                                                                                                                                                                                                                                                                                                                                                                                                                                                                                                                                                                                                                                      @typescript-eslint/no-explicit-any
   834:77   error  Unexpected any. Specify a different type                                                                                                                                                                                                                                                                                                                                                                                                                                                                                                                                                                                                                                                                                                                                                                                                                                                                                                                                                                                                                                                                                                                                      @typescript-eslint/no-explicit-any
   887:79   error  Unexpected any. Specify a different type                                                                                                                                                                                                                                                                                                                                                                                                                                                                                                                                                                                                                                                                                                                                                                                                                                                                                                                                                                                                                                                                                                                                      @typescript-eslint/no-explicit-any
  1002:63   error  Unexpected any. Specify a different type                                                                                                                                                                                                                                                                                                                                                                                                                                                                                                                                                                                                                                                                                                                                                                                                                                                                                                                                                                                                                                                                                                                                      @typescript-eslint/no-explicit-any

/Users/nithya-22218/Kanakkupulla/src/components/dashboard/BookingFilterModal.tsx
  22:7  error  Error: Calling setState synchronously within an effect can trigger cascading renders

Effects are intended to synchronize state between React and external systems such as manually updating the DOM, state management libraries, or other platform APIs. In general, the body of an effect should do one or both of the following:
* Update external systems with the latest state from React.
* Subscribe for updates from some external system, calling setState in a callback function when external state changes.

Calling setState synchronously within an effect body causes cascading renders that can hurt performance, and is not recommended. (https://react.dev/learn/you-might-not-need-an-effect).

/Users/nithya-22218/Kanakkupulla/src/components/dashboard/BookingFilterModal.tsx:22:7
  20 |   useEffect(() => {
  21 |     if (isFilterModalOpen) {
> 22 |       setFilterState(filters);
     |       ^^^^^^^^^^^^^^ Avoid calling setState() directly within an effect
  23 |     }
  24 |   }, [isFilterModalOpen, filters]);
  25 |  react-hooks/set-state-in-effect

/Users/nithya-22218/Kanakkupulla/src/components/dashboard/BookingFormModal.tsx
   64:52   error  Unexpected any. Specify a different type  @typescript-eslint/no-explicit-any
   66:50   error  Unexpected any. Specify a different type  @typescript-eslint/no-explicit-any
   90:52   error  Unexpected any. Specify a different type  @typescript-eslint/no-explicit-any
   91:40   error  Unexpected any. Specify a different type  @typescript-eslint/no-explicit-any
  105:96   error  Unexpected any. Specify a different type  @typescript-eslint/no-explicit-any
  106:34   error  Unexpected any. Specify a different type  @typescript-eslint/no-explicit-any
  132:28   error  Unexpected any. Specify a different type  @typescript-eslint/no-explicit-any
  134:29   error  Unexpected any. Specify a different type  @typescript-eslint/no-explicit-any
  141:25   error  Unexpected any. Specify a different type  @typescript-eslint/no-explicit-any
  164:68   error  Unexpected any. Specify a different type  @typescript-eslint/no-explicit-any
  167:52   error  Unexpected any. Specify a different type  @typescript-eslint/no-explicit-any
  167:60   error  Unexpected any. Specify a different type  @typescript-eslint/no-explicit-any
  167:134  error  Unexpected any. Specify a different type  @typescript-eslint/no-explicit-any
  191:28   error  Unexpected any. Specify a different type  @typescript-eslint/no-explicit-any
  198:59   error  Unexpected any. Specify a different type  @typescript-eslint/no-explicit-any
  198:86   error  Unexpected any. Specify a different type  @typescript-eslint/no-explicit-any
  203:45   error  Unexpected any. Specify a different type  @typescript-eslint/no-explicit-any
  204:34   error  Unexpected any. Specify a different type  @typescript-eslint/no-explicit-any
  271:37   error  Unexpected any. Specify a different type  @typescript-eslint/no-explicit-any
  280:24   error  Unexpected any. Specify a different type  @typescript-eslint/no-explicit-any
  315:47   error  Unexpected any. Specify a different type  @typescript-eslint/no-explicit-any
  319:40   error  Unexpected any. Specify a different type  @typescript-eslint/no-explicit-any
  328:36   error  Unexpected any. Specify a different type  @typescript-eslint/no-explicit-any
  372:47   error  Unexpected any. Specify a different type  @typescript-eslint/no-explicit-any
  374:40   error  Unexpected any. Specify a different type  @typescript-eslint/no-explicit-any
  395:20   error  Unexpected any. Specify a different type  @typescript-eslint/no-explicit-any
  401:18   error  Unexpected any. Specify a different type  @typescript-eslint/no-explicit-any
  403:19   error  Unexpected any. Specify a different type  @typescript-eslint/no-explicit-any
  425:22   error  Unexpected any. Specify a different type  @typescript-eslint/no-explicit-any
  426:19   error  Unexpected any. Specify a different type  @typescript-eslint/no-explicit-any
  497:17   error  Unexpected any. Specify a different type  @typescript-eslint/no-explicit-any
  510:28   error  Unexpected any. Specify a different type  @typescript-eslint/no-explicit-any
  556:31   error  Unexpected any. Specify a different type  @typescript-eslint/no-explicit-any
  562:315  error  Unexpected any. Specify a different type  @typescript-eslint/no-explicit-any
  567:83   error  Unexpected any. Specify a different type  @typescript-eslint/no-explicit-any
  567:134  error  Unexpected any. Specify a different type  @typescript-eslint/no-explicit-any
  572:52   error  Unexpected any. Specify a different type  @typescript-eslint/no-explicit-any
  572:106  error  Unexpected any. Specify a different type  @typescript-eslint/no-explicit-any
  577:270  error  Unexpected any. Specify a different type  @typescript-eslint/no-explicit-any
  577:343  error  Unexpected any. Specify a different type  @typescript-eslint/no-explicit-any
  577:373  error  Unexpected any. Specify a different type  @typescript-eslint/no-explicit-any
  585:37   error  Unexpected any. Specify a different type  @typescript-eslint/no-explicit-any
  586:52   error  Unexpected any. Specify a different type  @typescript-eslint/no-explicit-any
  586:64   error  Unexpected any. Specify a different type  @typescript-eslint/no-explicit-any
  595:50   error  Unexpected any. Specify a different type  @typescript-eslint/no-explicit-any
  600:35   error  Unexpected any. Specify a different type  @typescript-eslint/no-explicit-any
  602:27   error  Unexpected any. Specify a different type  @typescript-eslint/no-explicit-any
  602:57   error  Unexpected any. Specify a different type  @typescript-eslint/no-explicit-any
  602:107  error  Unexpected any. Specify a different type  @typescript-eslint/no-explicit-any
  611:47   error  Unexpected any. Specify a different type  @typescript-eslint/no-explicit-any
  612:40   error  Unexpected any. Specify a different type  @typescript-eslint/no-explicit-any
  618:66   error  Unexpected any. Specify a different type  @typescript-eslint/no-explicit-any
  631:47   error  Unexpected any. Specify a different type  @typescript-eslint/no-explicit-any
  638:46   error  Unexpected any. Specify a different type  @typescript-eslint/no-explicit-any
  640:29   error  Unexpected any. Specify a different type  @typescript-eslint/no-explicit-any
  640:59   error  Unexpected any. Specify a different type  @typescript-eslint/no-explicit-any
  640:71   error  Unexpected any. Specify a different type  @typescript-eslint/no-explicit-any
  660:73   error  Unexpected any. Specify a different type  @typescript-eslint/no-explicit-any
  660:126  error  Unexpected any. Specify a different type  @typescript-eslint/no-explicit-any
  665:76   error  Unexpected any. Specify a different type  @typescript-eslint/no-explicit-any
  665:129  error  Unexpected any. Specify a different type  @typescript-eslint/no-explicit-any
  670:282  error  Unexpected any. Specify a different type  @typescript-eslint/no-explicit-any
  681:41   error  Unexpected any. Specify a different type  @typescript-eslint/no-explicit-any
  692:40   error  Unexpected any. Specify a different type  @typescript-eslint/no-explicit-any
  698:52   error  Unexpected any. Specify a different type  @typescript-eslint/no-explicit-any
  698:64   error  Unexpected any. Specify a different type  @typescript-eslint/no-explicit-any
  709:317  error  Unexpected any. Specify a different type  @typescript-eslint/no-explicit-any
  735:65   error  Unexpected any. Specify a different type  @typescript-eslint/no-explicit-any
  738:49   error  Unexpected any. Specify a different type  @typescript-eslint/no-explicit-any
  753:47   error  Unexpected any. Specify a different type  @typescript-eslint/no-explicit-any
  755:73   error  Unexpected any. Specify a different type  @typescript-eslint/no-explicit-any
  755:100  error  Unexpected any. Specify a different type  @typescript-eslint/no-explicit-any
  809:55   error  Unexpected any. Specify a different type  @typescript-eslint/no-explicit-any
  847:59   error  Unexpected any. Specify a different type  @typescript-eslint/no-explicit-any
  858:59   error  Unexpected any. Specify a different type  @typescript-eslint/no-explicit-any

/Users/nithya-22218/Kanakkupulla/src/components/dashboard/BudgetOverview.tsx
  41:32  error  Unexpected any. Specify a different type  @typescript-eslint/no-explicit-any

/Users/nithya-22218/Kanakkupulla/src/components/dashboard/CalendarWidget.tsx
   36:7   error  Error: Calling setState synchronously within an effect can trigger cascading renders

Effects are intended to synchronize state between React and external systems such as manually updating the DOM, state management libraries, or other platform APIs. In general, the body of an effect should do one or both of the following:
* Update external systems with the latest state from React.
* Subscribe for updates from some external system, calling setState in a callback function when external state changes.

Calling setState synchronously within an effect body causes cascading renders that can hurt performance, and is not recommended. (https://react.dev/learn/you-might-not-need-an-effect).

/Users/nithya-22218/Kanakkupulla/src/components/dashboard/CalendarWidget.tsx:36:7
  34 |     if (d) {
  35 |       const [y, m, day] = d.split('-').map(Number);
> 36 |       setCurrentDate(new Date(y, m - 1, day));
     |       ^^^^^^^^^^^^^^ Avoid calling setState() directly within an effect
  37 |     }
  38 |   }, [searchParams]);
  39 |  react-hooks/set-state-in-effect
   65:65  error  Unexpected any. Specify a different type                                                                                                                                                                                                                                                                                                                                                                                                                                                                                                                                                                                                                                                                                                                                                                                                                                                                                                                                                                                                                                   @typescript-eslint/no-explicit-any
  370:49  error  Unexpected any. Specify a different type                                                                                                                                                                                                                                                                                                                                                                                                                                                                                                                                                                                                                                                                                                                                                                                                                                                                                                                                                                                                                                   @typescript-eslint/no-explicit-any

/Users/nithya-22218/Kanakkupulla/src/components/dashboard/HighPriorityAlerts.tsx
  24:27  error  Unexpected any. Specify a different type  @typescript-eslint/no-explicit-any

/Users/nithya-22218/Kanakkupulla/src/components/dashboard/TransactionDetailsModal.tsx
  155:19  error  Unexpected any. Specify a different type  @typescript-eslint/no-explicit-any

/Users/nithya-22218/Kanakkupulla/src/components/dashboard/TransactionFilterModal.tsx
  28:7  error  Error: Calling setState synchronously within an effect can trigger cascading renders

Effects are intended to synchronize state between React and external systems such as manually updating the DOM, state management libraries, or other platform APIs. In general, the body of an effect should do one or both of the following:
* Update external systems with the latest state from React.
* Subscribe for updates from some external system, calling setState in a callback function when external state changes.

Calling setState synchronously within an effect body causes cascading renders that can hurt performance, and is not recommended. (https://react.dev/learn/you-might-not-need-an-effect).

/Users/nithya-22218/Kanakkupulla/src/components/dashboard/TransactionFilterModal.tsx:28:7
  26 |   useEffect(() => {
  27 |     if (isOpen) {
> 28 |       setFilterState(activeFilters);
     |       ^^^^^^^^^^^^^^ Avoid calling setState() directly within an effect
  29 |     }
  30 |   }, [isOpen, activeFilters]);
  31 |  react-hooks/set-state-in-effect

/Users/nithya-22218/Kanakkupulla/src/components/dashboard/TransactionModal.tsx
   56:13  error  Unexpected any. Specify a different type                                                                                                                                                                                                                                                                                                                                                                                                                                                                                                                                                                                                                                                                                                                                                                                                                                                                                                                                                                                                                                                                                                                                                                    @typescript-eslint/no-explicit-any
   64:51  error  Unexpected any. Specify a different type                                                                                                                                                                                                                                                                                                                                                                                                                                                                                                                                                                                                                                                                                                                                                                                                                                                                                                                                                                                                                                                                                                                                                                    @typescript-eslint/no-explicit-any
   93:26  error  Unexpected any. Specify a different type                                                                                                                                                                                                                                                                                                                                                                                                                                                                                                                                                                                                                                                                                                                                                                                                                                                                                                                                                                                                                                                                                                                                                                    @typescript-eslint/no-explicit-any
  105:48  error  Unexpected any. Specify a different type                                                                                                                                                                                                                                                                                                                                                                                                                                                                                                                                                                                                                                                                                                                                                                                                                                                                                                                                                                                                                                                                                                                                                                    @typescript-eslint/no-explicit-any
  110:9   error  Error: Calling setState synchronously within an effect can trigger cascading renders

Effects are intended to synchronize state between React and external systems such as manually updating the DOM, state management libraries, or other platform APIs. In general, the body of an effect should do one or both of the following:
* Update external systems with the latest state from React.
* Subscribe for updates from some external system, calling setState in a callback function when external state changes.

Calling setState synchronously within an effect body causes cascading renders that can hurt performance, and is not recommended. (https://react.dev/learn/you-might-not-need-an-effect).

/Users/nithya-22218/Kanakkupulla/src/components/dashboard/TransactionModal.tsx:110:9
  108 |         }
  109 |         
> 110 |         setForm(formState);
      |         ^^^^^^^ Avoid calling setState() directly within an effect
  111 |       } else if (layoutSchema?.sections) {
  112 |         const defaultForm: Record<string, any> = { type: "INCOME", status: "SETTLED", date: new Date().toISOString() };
  113 |         layoutSchema.sections.forEach((sec: any) => {  react-hooks/set-state-in-effect
  112:43  error  Unexpected any. Specify a different type                                                                                                                                                                                                                                                                                                                                                                                                                                                                                                                                                                                                                                                                                                                                                                                                                                                                                                                                                                                                                                                                                                                                                                    @typescript-eslint/no-explicit-any
  113:45  error  Unexpected any. Specify a different type                                                                                                                                                                                                                                                                                                                                                                                                                                                                                                                                                                                                                                                                                                                                                                                                                                                                                                                                                                                                                                                                                                                                                                    @typescript-eslint/no-explicit-any
  114:34  error  Unexpected any. Specify a different type                                                                                                                                                                                                                                                                                                                                                                                                                                                                                                                                                                                                                                                                                                                                                                                                                                                                                                                                                                                                                                                                                                                                                                    @typescript-eslint/no-explicit-any
  145:43  error  Unexpected any. Specify a different type                                                                                                                                                                                                                                                                                                                                                                                                                                                                                                                                                                                                                                                                                                                                                                                                                                                                                                                                                                                                                                                                                                                                                                    @typescript-eslint/no-explicit-any
  146:32  error  Unexpected any. Specify a different type                                                                                                                                                                                                                                                                                                                                                                                                                                                                                                                                                                                                                                                                                                                                                                                                                                                                                                                                                                                                                                                                                                                                                                    @typescript-eslint/no-explicit-any
  210:19  error  Unexpected any. Specify a different type                                                                                                                                                                                                                                                                                                                                                                                                                                                                                                                                                                                                                                                                                                                                                                                                                                                                                                                                                                                                                                                                                                                                                                    @typescript-eslint/no-explicit-any
  219:22  error  Unexpected any. Specify a different type                                                                                                                                                                                                                                                                                                                                                                                                                                                                                                                                                                                                                                                                                                                                                                                                                                                                                                                                                                                                                                                                                                                                                                    @typescript-eslint/no-explicit-any
  220:19  error  Unexpected any. Specify a different type                                                                                                                                                                                                                                                                                                                                                                                                                                                                                                                                                                                                                                                                                                                                                                                                                                                                                                                                                                                                                                                                                                                                                                    @typescript-eslint/no-explicit-any
  288:22  error  Unexpected any. Specify a different type                                                                                                                                                                                                                                                                                                                                                                                                                                                                                                                                                                                                                                                                                                                                                                                                                                                                                                                                                                                                                                                                                                                                                                    @typescript-eslint/no-explicit-any
  308:37  error  Unexpected any. Specify a different type                                                                                                                                                                                                                                                                                                                                                                                                                                                                                                                                                                                                                                                                                                                                                                                                                                                                                                                                                                                                                                                                                                                                                                    @typescript-eslint/no-explicit-any
  317:18  error  Unexpected any. Specify a different type                                                                                                                                                                                                                                                                                                                                                                                                                                                                                                                                                                                                                                                                                                                                                                                                                                                                                                                                                                                                                                                                                                                                                                    @typescript-eslint/no-explicit-any
  346:31  error  Unexpected any. Specify a different type                                                                                                                                                                                                                                                                                                                                                                                                                                                                                                                                                                                                                                                                                                                                                                                                                                                                                                                                                                                                                                                                                                                                                                    @typescript-eslint/no-explicit-any
  442:77  error  Unexpected any. Specify a different type                                                                                                                                                                                                                                                                                                                                                                                                                                                                                                                                                                                                                                                                                                                                                                                                                                                                                                                                                                                                                                                                                                                                                                    @typescript-eslint/no-explicit-any
  451:40  error  Unexpected any. Specify a different type                                                                                                                                                                                                                                                                                                                                                                                                                                                                                                                                                                                                                                                                                                                                                                                                                                                                                                                                                                                                                                                                                                                                                                    @typescript-eslint/no-explicit-any
  453:29  error  Unexpected any. Specify a different type                                                                                                                                                                                                                                                                                                                                                                                                                                                                                                                                                                                                                                                                                                                                                                                                                                                                                                                                                                                                                                                                                                                                                                    @typescript-eslint/no-explicit-any
  507:38  error  Unexpected any. Specify a different type                                                                                                                                                                                                                                                                                                                                                                                                                                                                                                                                                                                                                                                                                                                                                                                                                                                                                                                                                                                                                                                                                                                                                                    @typescript-eslint/no-explicit-any
  539:77  error  Unexpected any. Specify a different type                                                                                                                                                                                                                                                                                                                                                                                                                                                                                                                                                                                                                                                                                                                                                                                                                                                                                                                                                                                                                                                                                                                                                                    @typescript-eslint/no-explicit-any
  548:40  error  Unexpected any. Specify a different type                                                                                                                                                                                                                                                                                                                                                                                                                                                                                                                                                                                                                                                                                                                                                                                                                                                                                                                                                                                                                                                                                                                                                                    @typescript-eslint/no-explicit-any
  550:29  error  Unexpected any. Specify a different type                                                                                                                                                                                                                                                                                                                                                                                                                                                                                                                                                                                                                                                                                                                                                                                                                                                                                                                                                                                                                                                                                                                                                                    @typescript-eslint/no-explicit-any
  567:37  error  Unexpected any. Specify a different type                                                                                                                                                                                                                                                                                                                                                                                                                                                                                                                                                                                                                                                                                                                                                                                                                                                                                                                                                                                                                                                                                                                                                                    @typescript-eslint/no-explicit-any
  605:54  error  Unexpected any. Specify a different type                                                                                                                                                                                                                                                                                                                                                                                                                                                                                                                                                                                                                                                                                                                                                                                                                                                                                                                                                                                                                                                                                                                                                                    @typescript-eslint/no-explicit-any
  652:51  error  Unexpected any. Specify a different type                                                                                                                                                                                                                                                                                                                                                                                                                                                                                                                                                                                                                                                                                                                                                                                                                                                                                                                                                                                                                                                                                                                                                                    @typescript-eslint/no-explicit-any
  665:51  error  Unexpected any. Specify a different type                                                                                                                                                                                                                                                                                                                                                                                                                                                                                                                                                                                                                                                                                                                                                                                                                                                                                                                                                                                                                                                                                                                                                                    @typescript-eslint/no-explicit-any

/Users/nithya-22218/Kanakkupulla/src/components/dashboard/UpcomingShoots.tsx
   53:5    error  Error: Cannot reassign variable after render completes

Reassigning `totalShown` after render has completed can cause inconsistent behavior on subsequent renders. Consider using state instead.

/Users/nithya-22218/Kanakkupulla/src/components/dashboard/UpcomingShoots.tsx:53:5
  51 |     const allowed = maxToShow - totalShown;
  52 |     const toShow = group.slice(0, allowed);
> 53 |     totalShown += toShow.length;
     |     ^^^^^^^^^^ Cannot reassign `totalShown` after render completes
  54 |     return toShow;
  55 |   };
  56 |  react-hooks/immutability
  125:46   error  Unexpected any. Specify a different type                                                                                                                                                                                                                                                                                                                                                                                                                                                                                                                  @typescript-eslint/no-explicit-any
  132:169  error  Unexpected any. Specify a different type                                                                                                                                                                                                                                                                                                                                                                                                                                                                                                                  @typescript-eslint/no-explicit-any

/Users/nithya-22218/Kanakkupulla/src/components/dashboard/VerticalStatusStepper.tsx
  13:36  error  Unexpected any. Specify a different type  @typescript-eslint/no-explicit-any
  19:36  error  Unexpected any. Specify a different type  @typescript-eslint/no-explicit-any

/Users/nithya-22218/Kanakkupulla/src/components/gifts/AllOrdersList.tsx
   18:13   error  Unexpected any. Specify a different type                         @typescript-eslint/no-explicit-any
   23:22   error  Unexpected any. Specify a different type                         @typescript-eslint/no-explicit-any
   76:23   error  Unexpected any. Specify a different type                         @typescript-eslint/no-explicit-any
  120:40   error  Unexpected any. Specify a different type                         @typescript-eslint/no-explicit-any
  123:19   error  Unexpected any. Specify a different type                         @typescript-eslint/no-explicit-any
  124:32   error  Unexpected any. Specify a different type                         @typescript-eslint/no-explicit-any
  138:36   error  Unexpected any. Specify a different type                         @typescript-eslint/no-explicit-any
  177:41   error  Unexpected any. Specify a different type                         @typescript-eslint/no-explicit-any
  389:106  error  `'` can be escaped with `&apos;`, `&lsquo;`, `&#39;`, `&rsquo;`  react/no-unescaped-entities
  413:41   error  Unexpected any. Specify a different type                         @typescript-eslint/no-explicit-any
  485:36   error  Unexpected any. Specify a different type                         @typescript-eslint/no-explicit-any

/Users/nithya-22218/Kanakkupulla/src/components/gifts/OrderDetailsPanel.tsx
   60:44   error  Unexpected any. Specify a different type                                                                                                                                                                                                                                                                                                                                                                                                                                                                                                                                                                                                                                                                                                                                                                                                                                                                                                                                                                                                                                                                                @typescript-eslint/no-explicit-any
   95:7    error  Error: Calling setState synchronously within an effect can trigger cascading renders

Effects are intended to synchronize state between React and external systems such as manually updating the DOM, state management libraries, or other platform APIs. In general, the body of an effect should do one or both of the following:
* Update external systems with the latest state from React.
* Subscribe for updates from some external system, calling setState in a callback function when external state changes.

Calling setState synchronously within an effect body causes cascading renders that can hurt performance, and is not recommended. (https://react.dev/learn/you-might-not-need-an-effect).

/Users/nithya-22218/Kanakkupulla/src/components/gifts/OrderDetailsPanel.tsx:95:7
  93 |   useEffect(() => {
  94 |     if (order && !isEditing) {
> 95 |       setEditForm({
     |       ^^^^^^^^^^^ Avoid calling setState() directly within an effect
  96 |         clientName: order.clientName,
  97 |         clientPhone: order.clientPhone || "",
  98 |         quantity: order.quantity,  react-hooks/set-state-in-effect
  101:106  error  Unexpected any. Specify a different type                                                                                                                                                                                                                                                                                                                                                                                                                                                                                                                                                                                                                                                                                                                                                                                                                                                                                                                                                                                                                                                                                @typescript-eslint/no-explicit-any
  101:153  error  Unexpected any. Specify a different type                                                                                                                                                                                                                                                                                                                                                                                                                                                                                                                                                                                                                                                                                                                                                                                                                                                                                                                                                                                                                                                                                @typescript-eslint/no-explicit-any
  110:55   error  Unexpected any. Specify a different type                                                                                                                                                                                                                                                                                                                                                                                                                                                                                                                                                                                                                                                                                                                                                                                                                                                                                                                                                                                                                                                                                @typescript-eslint/no-explicit-any
  111:59   error  Unexpected any. Specify a different type                                                                                                                                                                                                                                                                                                                                                                                                                                                                                                                                                                                                                                                                                                                                                                                                                                                                                                                                                                                                                                                                                @typescript-eslint/no-explicit-any
  111:106  error  Unexpected any. Specify a different type                                                                                                                                                                                                                                                                                                                                                                                                                                                                                                                                                                                                                                                                                                                                                                                                                                                                                                                                                                                                                                                                                @typescript-eslint/no-explicit-any
  192:19   error  Unexpected any. Specify a different type                                                                                                                                                                                                                                                                                                                                                                                                                                                                                                                                                                                                                                                                                                                                                                                                                                                                                                                                                                                                                                                                                @typescript-eslint/no-explicit-any
  804:55   error  Unexpected any. Specify a different type                                                                                                                                                                                                                                                                                                                                                                                                                                                                                                                                                                                                                                                                                                                                                                                                                                                                                                                                                                                                                                                                                @typescript-eslint/no-explicit-any
  804:87   error  Unexpected any. Specify a different type                                                                                                                                                                                                                                                                                                                                                                                                                                                                                                                                                                                                                                                                                                                                                                                                                                                                                                                                                                                                                                                                                @typescript-eslint/no-explicit-any
  826:68   error  Unexpected any. Specify a different type                                                                                                                                                                                                                                                                                                                                                                                                                                                                                                                                                                                                                                                                                                                                                                                                                                                                                                                                                                                                                                                                                @typescript-eslint/no-explicit-any
  832:71   error  Unexpected any. Specify a different type                                                                                                                                                                                                                                                                                                                                                                                                                                                                                                                                                                                                                                                                                                                                                                                                                                                                                                                                                                                                                                                                                @typescript-eslint/no-explicit-any

/Users/nithya-22218/Kanakkupulla/src/components/gifts/OrderForm.tsx
   16:13  error  Unexpected any. Specify a different type                                                                                                                                                                                                                                                                                                                                                                                                                                                                                                                                                                                                                                                                                                                                                                                                                                                                                                                                                                                                                                                                           @typescript-eslint/no-explicit-any
   31:59  error  Unexpected any. Specify a different type                                                                                                                                                                                                                                                                                                                                                                                                                                                                                                                                                                                                                                                                                                                                                                                                                                                                                                                                                                                                                                                                           @typescript-eslint/no-explicit-any
   42:7   error  Error: Calling setState synchronously within an effect can trigger cascading renders

Effects are intended to synchronize state between React and external systems such as manually updating the DOM, state management libraries, or other platform APIs. In general, the body of an effect should do one or both of the following:
* Update external systems with the latest state from React.
* Subscribe for updates from some external system, calling setState in a callback function when external state changes.

Calling setState synchronously within an effect body causes cascading renders that can hurt performance, and is not recommended. (https://react.dev/learn/you-might-not-need-an-effect).

/Users/nithya-22218/Kanakkupulla/src/components/gifts/OrderForm.tsx:42:7
  40 |   useEffect(() => {
  41 |     if (isOpen) {
> 42 |       setFormData(defaultProductId ? { productId: defaultProductId } : {});
     |       ^^^^^^^^^^^ Avoid calling setState() directly within an effect
  43 |       setErrors({});
  44 |       setUploadProgress({});
  45 |       setAdvanceDate(null);  react-hooks/set-state-in-effect
   62:37  error  Unexpected any. Specify a different type                                                                                                                                                                                                                                                                                                                                                                                                                                                                                                                                                                                                                                                                                                                                                                                                                                                                                                                                                                                                                                                                           @typescript-eslint/no-explicit-any
   98:54  error  Unexpected any. Specify a different type                                                                                                                                                                                                                                                                                                                                                                                                                                                                                                                                                                                                                                                                                                                                                                                                                                                                                                                                                                                                                                                                           @typescript-eslint/no-explicit-any
  103:38  error  Unexpected any. Specify a different type                                                                                                                                                                                                                                                                                                                                                                                                                                                                                                                                                                                                                                                                                                                                                                                                                                                                                                                                                                                                                                                                           @typescript-eslint/no-explicit-any
  119:39  error  Unexpected any. Specify a different type                                                                                                                                                                                                                                                                                                                                                                                                                                                                                                                                                                                                                                                                                                                                                                                                                                                                                                                                                                                                                                                                           @typescript-eslint/no-explicit-any
  119:66  error  Unexpected any. Specify a different type                                                                                                                                                                                                                                                                                                                                                                                                                                                                                                                                                                                                                                                                                                                                                                                                                                                                                                                                                                                                                                                                           @typescript-eslint/no-explicit-any
  150:49  error  Unexpected any. Specify a different type                                                                                                                                                                                                                                                                                                                                                                                                                                                                                                                                                                                                                                                                                                                                                                                                                                                                                                                                                                                                                                                                           @typescript-eslint/no-explicit-any
  151:39  error  Unexpected any. Specify a different type                                                                                                                                                                                                                                                                                                                                                                                                                                                                                                                                                                                                                                                                                                                                                                                                                                                                                                                                                                                                                                                                           @typescript-eslint/no-explicit-any
  173:47  error  Unexpected any. Specify a different type                                                                                                                                                                                                                                                                                                                                                                                                                                                                                                                                                                                                                                                                                                                                                                                                                                                                                                                                                                                                                                                                           @typescript-eslint/no-explicit-any
  175:40  error  Unexpected any. Specify a different type                                                                                                                                                                                                                                                                                                                                                                                                                                                                                                                                                                                                                                                                                                                                                                                                                                                                                                                                                                                                                                                                           @typescript-eslint/no-explicit-any
  191:20  error  Unexpected any. Specify a different type                                                                                                                                                                                                                                                                                                                                                                                                                                                                                                                                                                                                                                                                                                                                                                                                                                                                                                                                                                                                                                                                           @typescript-eslint/no-explicit-any
  211:51  error  Unexpected any. Specify a different type                                                                                                                                                                                                                                                                                                                                                                                                                                                                                                                                                                                                                                                                                                                                                                                                                                                                                                                                                                                                                                                                           @typescript-eslint/no-explicit-any
  225:19  error  Unexpected any. Specify a different type                                                                                                                                                                                                                                                                                                                                                                                                                                                                                                                                                                                                                                                                                                                                                                                                                                                                                                                                                                                                                                                                           @typescript-eslint/no-explicit-any
  234:22  error  Unexpected any. Specify a different type                                                                                                                                                                                                                                                                                                                                                                                                                                                                                                                                                                                                                                                                                                                                                                                                                                                                                                                                                                                                                                                                           @typescript-eslint/no-explicit-any
  235:19  error  Unexpected any. Specify a different type                                                                                                                                                                                                                                                                                                                                                                                                                                                                                                                                                                                                                                                                                                                                                                                                                                                                                                                                                                                                                                                                           @typescript-eslint/no-explicit-any
  270:42  error  Unexpected any. Specify a different type                                                                                                                                                                                                                                                                                                                                                                                                                                                                                                                                                                                                                                                                                                                                                                                                                                                                                                                                                                                                                                                                           @typescript-eslint/no-explicit-any
  271:33  error  Unexpected any. Specify a different type                                                                                                                                                                                                                                                                                                                                                                                                                                                                                                                                                                                                                                                                                                                                                                                                                                                                                                                                                                                                                                                                           @typescript-eslint/no-explicit-any
  287:31  error  Unexpected any. Specify a different type                                                                                                                                                                                                                                                                                                                                                                                                                                                                                                                                                                                                                                                                                                                                                                                                                                                                                                                                                                                                                                                                           @typescript-eslint/no-explicit-any
  292:40  error  Unexpected any. Specify a different type                                                                                                                                                                                                                                                                                                                                                                                                                                                                                                                                                                                                                                                                                                                                                                                                                                                                                                                                                                                                                                                                           @typescript-eslint/no-explicit-any
  318:69  error  Unexpected any. Specify a different type                                                                                                                                                                                                                                                                                                                                                                                                                                                                                                                                                                                                                                                                                                                                                                                                                                                                                                                                                                                                                                                                           @typescript-eslint/no-explicit-any
  360:46  error  Unexpected any. Specify a different type                                                                                                                                                                                                                                                                                                                                                                                                                                                                                                                                                                                                                                                                                                                                                                                                                                                                                                                                                                                                                                                                           @typescript-eslint/no-explicit-any
  418:52  error  Unexpected any. Specify a different type                                                                                                                                                                                                                                                                                                                                                                                                                                                                                                                                                                                                                                                                                                                                                                                                                                                                                                                                                                                                                                                                           @typescript-eslint/no-explicit-any
  429:51  error  Unexpected any. Specify a different type                                                                                                                                                                                                                                                                                                                                                                                                                                                                                                                                                                                                                                                                                                                                                                                                                                                                                                                                                                                                                                                                           @typescript-eslint/no-explicit-any

/Users/nithya-22218/Kanakkupulla/src/components/gifts/OrdersTable.tsx
  24:17  error  Unexpected any. Specify a different type  @typescript-eslint/no-explicit-any
  26:16  error  Unexpected any. Specify a different type  @typescript-eslint/no-explicit-any

/Users/nithya-22218/Kanakkupulla/src/components/layout/Sidebar.tsx
  19:7   error  Error: Calling setState synchronously within an effect can trigger cascading renders

Effects are intended to synchronize state between React and external systems such as manually updating the DOM, state management libraries, or other platform APIs. In general, the body of an effect should do one or both of the following:
* Update external systems with the latest state from React.
* Subscribe for updates from some external system, calling setState in a callback function when external state changes.

Calling setState synchronously within an effect body causes cascading renders that can hurt performance, and is not recommended. (https://react.dev/learn/you-might-not-need-an-effect).

/Users/nithya-22218/Kanakkupulla/src/components/layout/Sidebar.tsx:19:7
  17 |     const saved = localStorage.getItem('sidebar_collapsed');
  18 |     if (saved === 'true') {
> 19 |       setIsCollapsed(true);
     |       ^^^^^^^^^^^^^^ Avoid calling setState() directly within an effect
  20 |     }
  21 |   }, []);
  22 |  react-hooks/set-state-in-effect
  32:38  error  Unexpected any. Specify a different type                                                                                                                                                                                                                                                                                                                                                                                                                                                                                                                                                                                                                                                                                                                                                                                                                                                                                                                                                                                                                  @typescript-eslint/no-explicit-any

/Users/nithya-22218/Kanakkupulla/src/components/layout/TopNavigation.tsx
  179:38  error  Unexpected any. Specify a different type                         @typescript-eslint/no-explicit-any
  403:63  error  `"` can be escaped with `&quot;`, `&ldquo;`, `&#34;`, `&rdquo;`  react/no-unescaped-entities
  403:77  error  `"` can be escaped with `&quot;`, `&ldquo;`, `&#34;`, `&rdquo;`  react/no-unescaped-entities
  407:55  error  Unexpected any. Specify a different type                         @typescript-eslint/no-explicit-any
  481:68  error  Unexpected any. Specify a different type                         @typescript-eslint/no-explicit-any
  486:70  error  Unexpected any. Specify a different type                         @typescript-eslint/no-explicit-any
  492:58  error  Unexpected any. Specify a different type                         @typescript-eslint/no-explicit-any

/Users/nithya-22218/Kanakkupulla/src/components/providers/GlobalBannerProvider.tsx
  126:19  error  `'` can be escaped with `&apos;`, `&lsquo;`, `&#39;`, `&rsquo;`  react/no-unescaped-entities
  166:50  error  Unexpected any. Specify a different type                         @typescript-eslint/no-explicit-any
  213:50  error  Unexpected any. Specify a different type                         @typescript-eslint/no-explicit-any

/Users/nithya-22218/Kanakkupulla/src/components/providers/GlobalFormProvider.tsx
  20:43  error  Unexpected any. Specify a different type  @typescript-eslint/no-explicit-any
  21:78  error  Unexpected any. Specify a different type  @typescript-eslint/no-explicit-any
  48:87  error  Unexpected any. Specify a different type  @typescript-eslint/no-explicit-any
  78:85  error  Unexpected any. Specify a different type  @typescript-eslint/no-explicit-any

/Users/nithya-22218/Kanakkupulla/src/components/providers/MobileNavProvider.tsx
  23:5  error  Error: Calling setState synchronously within an effect can trigger cascading renders

Effects are intended to synchronize state between React and external systems such as manually updating the DOM, state management libraries, or other platform APIs. In general, the body of an effect should do one or both of the following:
* Update external systems with the latest state from React.
* Subscribe for updates from some external system, calling setState in a callback function when external state changes.

Calling setState synchronously within an effect body causes cascading renders that can hurt performance, and is not recommended. (https://react.dev/learn/you-might-not-need-an-effect).

/Users/nithya-22218/Kanakkupulla/src/components/providers/MobileNavProvider.tsx:23:5
  21 |   // Close sidebar on route change
  22 |   useEffect(() => {
> 23 |     closeSidebar();
     |     ^^^^^^^^^^^^ Avoid calling setState() directly within an effect
  24 |   }, [pathname]);
  25 |
  26 |   return (  react-hooks/set-state-in-effect

/Users/nithya-22218/Kanakkupulla/src/components/providers/SystemProvider.tsx
  44:5  error  Error: Calling setState synchronously within an effect can trigger cascading renders

Effects are intended to synchronize state between React and external systems such as manually updating the DOM, state management libraries, or other platform APIs. In general, the body of an effect should do one or both of the following:
* Update external systems with the latest state from React.
* Subscribe for updates from some external system, calling setState in a callback function when external state changes.

Calling setState synchronously within an effect body causes cascading renders that can hurt performance, and is not recommended. (https://react.dev/learn/you-might-not-need-an-effect).

/Users/nithya-22218/Kanakkupulla/src/components/providers/SystemProvider.tsx:44:5
  42 |
  43 |   useEffect(() => {
> 44 |     fetchPreferences();
     |     ^^^^^^^^^^^^^^^^ Avoid calling setState() directly within an effect
  45 |   }, []);
  46 |
  47 |   return (  react-hooks/set-state-in-effect

/Users/nithya-22218/Kanakkupulla/src/components/settings/EditUserModal.tsx
  75:19  error  Unexpected any. Specify a different type  @typescript-eslint/no-explicit-any
  93:19  error  Unexpected any. Specify a different type  @typescript-eslint/no-explicit-any

/Users/nithya-22218/Kanakkupulla/src/components/settings/InviteUserModal.tsx
  46:19  error  Unexpected any. Specify a different type  @typescript-eslint/no-explicit-any

/Users/nithya-22218/Kanakkupulla/src/components/settings/LayoutsFieldsBuilder.tsx
    98:44   error  Unexpected any. Specify a different type                                                                                                                                                                                                                                                                                                                                                                                                                                                                                                                                                                                                                                                                                                                                                                                                                                                                                                                                                                                            @typescript-eslint/no-explicit-any
   149:5    error  Error: Calling setState synchronously within an effect can trigger cascading renders

Effects are intended to synchronize state between React and external systems such as manually updating the DOM, state management libraries, or other platform APIs. In general, the body of an effect should do one or both of the following:
* Update external systems with the latest state from React.
* Subscribe for updates from some external system, calling setState in a callback function when external state changes.

Calling setState synchronously within an effect body causes cascading renders that can hurt performance, and is not recommended. (https://react.dev/learn/you-might-not-need-an-effect).

/Users/nithya-22218/Kanakkupulla/src/components/settings/LayoutsFieldsBuilder.tsx:149:5
  147 |
  148 |   useEffect(() => {
> 149 |     fetchLayouts();
      |     ^^^^^^^^^^^^ Avoid calling setState() directly within an effect
  150 |     fetchUsers();
  151 |   }, [fetchLayouts, fetchUsers]);
  152 |  react-hooks/set-state-in-effect
   197:18   error  Error: Cannot call impure function during render

`Date.now` is an impure function. Calling an impure function can produce unstable results that update unpredictably when the component happens to re-render. (https://react.dev/reference/rules/components-and-hooks-must-be-pure#components-and-hooks-must-be-idempotent).

/Users/nithya-22218/Kanakkupulla/src/components/settings/LayoutsFieldsBuilder.tsx:197:18
  195 |     if (!activeLayout) return;
  196 |     const newSection: FormSection = {
> 197 |       id: `sec_${Date.now()}`,
      |                  ^^^^^^^^^^ Cannot call impure function
  198 |       title: `Untitled Section ${activeLayout.schema.sections.length + 1}`,
  199 |       description: "Section description goes here.",
  200 |       icon: "ph-squares-four",                                                                                                                                                                                                                         react-hooks/purity
   248:20   error  Error: Cannot call impure function during render

`Date.now` is an impure function. Calling an impure function can produce unstable results that update unpredictably when the component happens to re-render. (https://react.dev/reference/rules/components-and-hooks-must-be-pure#components-and-hooks-must-be-idempotent).

/Users/nithya-22218/Kanakkupulla/src/components/settings/LayoutsFieldsBuilder.tsx:248:20
  246 |     const typeDef = FIELD_TYPES.find(t => t.value === fieldType);
  247 |     const newField: FormField = {
> 248 |       id: `field_${Date.now()}`,
      |                    ^^^^^^^^^^ Cannot call impure function
  249 |       name: typeDef ? typeDef.label : "New Field",
  250 |       type: fieldType,
  251 |       mandatory: false,                                                                                                                                                                                                                                                    react-hooks/purity
   300:22   error  Error: Cannot call impure function during render

`Date.now` is an impure function. Calling an impure function can produce unstable results that update unpredictably when the component happens to re-render. (https://react.dev/reference/rules/components-and-hooks-must-be-pure#components-and-hooks-must-be-idempotent).

/Users/nithya-22218/Kanakkupulla/src/components/settings/LayoutsFieldsBuilder.tsx:300:22
  298 |       const typeDef = FIELD_TYPES.find(t => t.value === draggedNewFieldType);
  299 |       const newField: FormField = {
> 300 |         id: `field_${Date.now()}`,
      |                      ^^^^^^^^^^ Cannot call impure function
  301 |         name: typeDef ? typeDef.label : "New Field",
  302 |         type: draggedNewFieldType,
  303 |         mandatory: false,                                                                                                                                                                                                                  react-hooks/purity
   894:48   error  Unexpected any. Specify a different type                                                                                                                                                                                                                                                                                                                                                                                                                                                                                                                                                                                                                                                                                                                                                                                                                                                                                                                                                                                            @typescript-eslint/no-explicit-any
  1141:75   error  `"` can be escaped with `&quot;`, `&ldquo;`, `&#34;`, `&rdquo;`                                                                                                                                                                                                                                                                                                                                                                                                                                                                                                                                                                                                                                                                                                                                                                                                                                                                                                                                                                     react/no-unescaped-entities
  1141:91   error  `"` can be escaped with `&quot;`, `&ldquo;`, `&#34;`, `&rdquo;`                                                                                                                                                                                                                                                                                                                                                                                                                                                                                                                                                                                                                                                                                                                                                                                                                                                                                                                                                                     react/no-unescaped-entities
  1338:80   error  Unexpected any. Specify a different type                                                                                                                                                                                                                                                                                                                                                                                                                                                                                                                                                                                                                                                                                                                                                                                                                                                                                                                                                                                            @typescript-eslint/no-explicit-any
  1377:144  error  Unexpected any. Specify a different type                                                                                                                                                                                                                                                                                                                                                                                                                                                                                                                                                                                                                                                                                                                                                                                                                                                                                                                                                                                            @typescript-eslint/no-explicit-any
  1398:180  error  Unexpected any. Specify a different type                                                                                                                                                                                                                                                                                                                                                                                                                                                                                                                                                                                                                                                                                                                                                                                                                                                                                                                                                                                            @typescript-eslint/no-explicit-any
  1398:228  error  Unexpected any. Specify a different type                                                                                                                                                                                                                                                                                                                                                                                                                                                                                                                                                                                                                                                                                                                                                                                                                                                                                                                                                                                            @typescript-eslint/no-explicit-any
  1409:133  error  Unexpected any. Specify a different type                                                                                                                                                                                                                                                                                                                                                                                                                                                                                                                                                                                                                                                                                                                                                                                                                                                                                                                                                                                            @typescript-eslint/no-explicit-any
  1449:60   error  `"` can be escaped with `&quot;`, `&ldquo;`, `&#34;`, `&rdquo;`                                                                                                                                                                                                                                                                                                                                                                                                                                                                                                                                                                                                                                                                                                                                                                                                                                                                                                                                                                     react/no-unescaped-entities
  1449:86   error  `"` can be escaped with `&quot;`, `&ldquo;`, `&#34;`, `&rdquo;`                                                                                                                                                                                                                                                                                                                                                                                                                                                                                                                                                                                                                                                                                                                                                                                                                                                                                                                                                                     react/no-unescaped-entities

/Users/nithya-22218/Kanakkupulla/src/components/settings/RecycleBin.tsx
   65:30  error  Unexpected any. Specify a different type  @typescript-eslint/no-explicit-any
  150:44  error  Unexpected any. Specify a different type  @typescript-eslint/no-explicit-any
  172:26  error  Unexpected any. Specify a different type  @typescript-eslint/no-explicit-any
  221:26  error  Unexpected any. Specify a different type  @typescript-eslint/no-explicit-any
  404:32  error  Unexpected any. Specify a different type  @typescript-eslint/no-explicit-any

/Users/nithya-22218/Kanakkupulla/src/components/settings/ReminderPreferences.tsx
  47:5   error  Error: Cannot access variable before it is declared

`fetchSettings` is accessed before it is declared, which prevents the earlier access from updating when this value changes over time.

/Users/nithya-22218/Kanakkupulla/src/components/settings/ReminderPreferences.tsx:47:5
  45 |
  46 |   useEffect(() => {
> 47 |     fetchSettings();
     |     ^^^^^^^^^^^^^ `fetchSettings` accessed before it is declared
  48 |   }, []);
  49 |
  50 |   const fetchSettings = async () => {

/Users/nithya-22218/Kanakkupulla/src/components/settings/ReminderPreferences.tsx:50:3
  48 |   }, []);
  49 |
> 50 |   const fetchSettings = async () => {
     |   ^^^^^^^^^^^^^^^^^^^^^^^^^^^^^^^^^^^
> 51 |     try {
     | ^^^^^^^^^
> 52 |       const res = await fetch("/api/settings/system");
     …
     | ^^^^^^^^^
> 77 |     }
     | ^^^^^^^^^
> 78 |   };
     | ^^^^^ `fetchSettings` is declared here
  79 |
  80 |   const handleSave = async () => {
  81 |     setIsSaving(true);  react-hooks/immutability
  59:23  error  Unexpected any. Specify a different type                                                                                                                                                                                                                                                                                                                                                                                                                                                                                                                                                                                                                                                                                                                                                                                                                                                                                                                                                              @typescript-eslint/no-explicit-any

/Users/nithya-22218/Kanakkupulla/src/components/settings/RolesPermissions.tsx
  50:5  error  Error: Calling setState synchronously within an effect can trigger cascading renders

Effects are intended to synchronize state between React and external systems such as manually updating the DOM, state management libraries, or other platform APIs. In general, the body of an effect should do one or both of the following:
* Update external systems with the latest state from React.
* Subscribe for updates from some external system, calling setState in a callback function when external state changes.

Calling setState synchronously within an effect body causes cascading renders that can hurt performance, and is not recommended. (https://react.dev/learn/you-might-not-need-an-effect).

/Users/nithya-22218/Kanakkupulla/src/components/settings/RolesPermissions.tsx:50:5
  48 |
  49 |   useEffect(() => {
> 50 |     fetchPermissions();
     |     ^^^^^^^^^^^^^^^^ Avoid calling setState() directly within an effect
  51 |   }, [fetchPermissions]);
  52 |
  53 |   const isEnabled = (role: string, permission: string): boolean => {  react-hooks/set-state-in-effect

/Users/nithya-22218/Kanakkupulla/src/components/settings/SystemPreferences.tsx
   10:38   error  Unexpected any. Specify a different type                         @typescript-eslint/no-explicit-any
   45:61   error  Unexpected any. Specify a different type                         @typescript-eslint/no-explicit-any
  101:126  error  `"` can be escaped with `&quot;`, `&ldquo;`, `&#34;`, `&rdquo;`  react/no-unescaped-entities
  101:130  error  `"` can be escaped with `&quot;`, `&ldquo;`, `&#34;`, `&rdquo;`  react/no-unescaped-entities
  120:45   error  Unexpected any. Specify a different type                         @typescript-eslint/no-explicit-any
  168:81   error  Unexpected any. Specify a different type                         @typescript-eslint/no-explicit-any

/Users/nithya-22218/Kanakkupulla/src/components/settings/UserManagement.tsx
   63:43  error  Unexpected any. Specify a different type                                                                                                                                                                                                                                                                                                                                                                                                                                                                                                                                                                                                                                                                                                                                                                                                                                                                                                                                                                                           @typescript-eslint/no-explicit-any
   79:5   error  Error: Calling setState synchronously within an effect can trigger cascading renders

Effects are intended to synchronize state between React and external systems such as manually updating the DOM, state management libraries, or other platform APIs. In general, the body of an effect should do one or both of the following:
* Update external systems with the latest state from React.
* Subscribe for updates from some external system, calling setState in a callback function when external state changes.

Calling setState synchronously within an effect body causes cascading renders that can hurt performance, and is not recommended. (https://react.dev/learn/you-might-not-need-an-effect).

/Users/nithya-22218/Kanakkupulla/src/components/settings/UserManagement.tsx:79:5
  77 |
  78 |   useEffect(() => {
> 79 |     fetchUsers();
     |     ^^^^^^^^^^ Avoid calling setState() directly within an effect
  80 |   }, [fetchUsers]);
  81 |
  82 |   const getInitials = (name: string | null) => {  react-hooks/set-state-in-effect
  111:52  error  `'` can be escaped with `&apos;`, `&lsquo;`, `&#39;`, `&rsquo;`                                                                                                                                                                                                                                                                                                                                                                                                                                                                                                                                                                                                                                                                                                                                                                                                                                                                                                                                                                    react/no-unescaped-entities

/Users/nithya-22218/Kanakkupulla/src/components/settings/integrations/GoogleDriveIntegration.tsx
  23:5   error  Error: Cannot access variable before it is declared

`fetchStatus` is accessed before it is declared, which prevents the earlier access from updating when this value changes over time.

/Users/nithya-22218/Kanakkupulla/src/components/settings/integrations/GoogleDriveIntegration.tsx:23:5
  21 |
  22 |   useEffect(() => {
> 23 |     fetchStatus();
     |     ^^^^^^^^^^^ `fetchStatus` accessed before it is declared
  24 |     
  25 |     // Check for inline error from NextAuth signin callback
  26 |     const errorParam = searchParams.get('error');

/Users/nithya-22218/Kanakkupulla/src/components/settings/integrations/GoogleDriveIntegration.tsx:36:3
  34 |   }, [searchParams, router]);
  35 |
> 36 |   const fetchStatus = async () => {
     |   ^^^^^^^^^^^^^^^^^^^^^^^^^^^^^^^^^
> 37 |     try {
     | ^^^^^^^^^
> 38 |       const res = await fetch("/api/integrations/google");
     …
     | ^^^^^^^^^
> 48 |     }
     | ^^^^^^^^^
> 49 |   };
     | ^^^^^ `fetchStatus` is declared here
  50 |
  51 |   const handleConnect = async () => {
  52 |     try {  react-hooks/immutability
  89:37  error  Unexpected any. Specify a different type                                                                                                                                                                                                                                                                                                                                                                                                                                                                                                                                                                                                                                                                                                                                                                                                                                                                                                                                                                                                                                                                 @typescript-eslint/no-explicit-any

/Users/nithya-22218/Kanakkupulla/src/components/settings/integrations/WhatsAppIntegration.tsx
  14:44  error  Unexpected any. Specify a different type  @typescript-eslint/no-explicit-any
  14:88  error  Unexpected any. Specify a different type  @typescript-eslint/no-explicit-any

/Users/nithya-22218/Kanakkupulla/src/components/shared/GooglePicker.tsx
   6:11  error  Unexpected any. Specify a different type  @typescript-eslint/no-explicit-any
   7:13  error  Unexpected any. Specify a different type  @typescript-eslint/no-explicit-any
  71:33  error  Unexpected any. Specify a different type  @typescript-eslint/no-explicit-any

/Users/nithya-22218/Kanakkupulla/src/components/ui/CustomDateRangePicker.tsx
  45:7  error  Error: Calling setState synchronously within an effect can trigger cascading renders

Effects are intended to synchronize state between React and external systems such as manually updating the DOM, state management libraries, or other platform APIs. In general, the body of an effect should do one or both of the following:
* Update external systems with the latest state from React.
* Subscribe for updates from some external system, calling setState in a callback function when external state changes.

Calling setState synchronously within an effect body causes cascading renders that can hurt performance, and is not recommended. (https://react.dev/learn/you-might-not-need-an-effect).

/Users/nithya-22218/Kanakkupulla/src/components/ui/CustomDateRangePicker.tsx:45:7
  43 |   useEffect(() => {
  44 |     if (isOpen) {
> 45 |       setTempSelection({ start: value.start, end: value.end });
     |       ^^^^^^^^^^^^^^^^ Avoid calling setState() directly within an effect
  46 |       if (value.start) {
  47 |         setLeftMonth(startOfMonth(new Date(value.start)));
  48 |       } else {  react-hooks/set-state-in-effect

/Users/nithya-22218/Kanakkupulla/src/components/ui/CustomDropdown.tsx
  82:7   error  Error: Calling setState synchronously within an effect can trigger cascading renders

Effects are intended to synchronize state between React and external systems such as manually updating the DOM, state management libraries, or other platform APIs. In general, the body of an effect should do one or both of the following:
* Update external systems with the latest state from React.
* Subscribe for updates from some external system, calling setState in a callback function when external state changes.

Calling setState synchronously within an effect body causes cascading renders that can hurt performance, and is not recommended. (https://react.dev/learn/you-might-not-need-an-effect).

/Users/nithya-22218/Kanakkupulla/src/components/ui/CustomDropdown.tsx:82:7
  80 |         return val === value;
  81 |       });
> 82 |       setFocusedIndex(selectedIdx >= 0 ? selectedIdx : 0);
     |       ^^^^^^^^^^^^^^^ Avoid calling setState() directly within an effect
  83 |     }
  84 |   }, [isOpen, options, value]);
  85 |  react-hooks/set-state-in-effect
  86:30  error  Unexpected any. Specify a different type                                                                                                                                                                                                                                                                                                                                                                                                                                                                                                                                                                                                                                                                                                                                                                                                                                                                                                                                                                                                                          @typescript-eslint/no-explicit-any

/Users/nithya-22218/Kanakkupulla/src/components/ui/CustomMultiDropdown.tsx
  37:5  error  Error: Calling setState synchronously within an effect can trigger cascading renders

Effects are intended to synchronize state between React and external systems such as manually updating the DOM, state management libraries, or other platform APIs. In general, the body of an effect should do one or both of the following:
* Update external systems with the latest state from React.
* Subscribe for updates from some external system, calling setState in a callback function when external state changes.

Calling setState synchronously within an effect body causes cascading renders that can hurt performance, and is not recommended. (https://react.dev/learn/you-might-not-need-an-effect).

/Users/nithya-22218/Kanakkupulla/src/components/ui/CustomMultiDropdown.tsx:37:5
  35 |
  36 |   useEffect(() => {
> 37 |     setLocalValue(value || []);
     |     ^^^^^^^^^^^^^ Avoid calling setState() directly within an effect
  38 |   }, [value, isOpen]);
  39 |
  40 |   const updateDropdownPosition = useCallback(() => {  react-hooks/set-state-in-effect
  98:7  error  Error: Calling setState synchronously within an effect can trigger cascading renders

Effects are intended to synchronize state between React and external systems such as manually updating the DOM, state management libraries, or other platform APIs. In general, the body of an effect should do one or both of the following:
* Update external systems with the latest state from React.
* Subscribe for updates from some external system, calling setState in a callback function when external state changes.

Calling setState synchronously within an effect body causes cascading renders that can hurt performance, and is not recommended. (https://react.dev/learn/you-might-not-need-an-effect).

/Users/nithya-22218/Kanakkupulla/src/components/ui/CustomMultiDropdown.tsx:98:7
   96 |   useEffect(() => {
   97 |     if (isOpen) {
>  98 |       setFocusedIndex(0);
      |       ^^^^^^^^^^^^^^^ Avoid calling setState() directly within an effect
   99 |     }
  100 |   }, [isOpen]);
  101 |                                 react-hooks/set-state-in-effect

/Users/nithya-22218/Kanakkupulla/src/components/ui/FileAttachment.tsx
   9:10  error  Unexpected any. Specify a different type  @typescript-eslint/no-explicit-any
  10:21  error  Unexpected any. Specify a different type  @typescript-eslint/no-explicit-any
  30:33  error  Unexpected any. Specify a different type  @typescript-eslint/no-explicit-any

/Users/nithya-22218/Kanakkupulla/src/components/ui/TimePickerInput.tsx
  35:5  error  Error: Calling setState synchronously within an effect can trigger cascading renders

Effects are intended to synchronize state between React and external systems such as manually updating the DOM, state management libraries, or other platform APIs. In general, the body of an effect should do one or both of the following:
* Update external systems with the latest state from React.
* Subscribe for updates from some external system, calling setState in a callback function when external state changes.

Calling setState synchronously within an effect body causes cascading renders that can hurt performance, and is not recommended. (https://react.dev/learn/you-might-not-need-an-effect).

/Users/nithya-22218/Kanakkupulla/src/components/ui/TimePickerInput.tsx:35:5
  33 |
  34 |   useEffect(() => {
> 35 |     setSelected(parseTime(value));
     |     ^^^^^^^^^^^ Avoid calling setState() directly within an effect
  36 |   }, [value]);
  37 |
  38 |   useEffect(() => {  react-hooks/set-state-in-effect

/Users/nithya-22218/Kanakkupulla/src/components/ui/color-picker.tsx
  52:9   error  Error: Calling setState synchronously within an effect can trigger cascading renders

Effects are intended to synchronize state between React and external systems such as manually updating the DOM, state management libraries, or other platform APIs. In general, the body of an effect should do one or both of the following:
* Update external systems with the latest state from React.
* Subscribe for updates from some external system, calling setState in a callback function when external state changes.

Calling setState synchronously within an effect body causes cascading renders that can hurt performance, and is not recommended. (https://react.dev/learn/you-might-not-need-an-effect).

/Users/nithya-22218/Kanakkupulla/src/components/ui/color-picker.tsx:52:9
  50 |     if (color) {
  51 |       if (color.startsWith("#")) {
> 52 |         setInternalColor(color);
     |         ^^^^^^^^^^^^^^^^ Avoid calling setState() directly within an effect
  53 |       } else if (tailwindToHex[color]) {
  54 |         setInternalColor(tailwindToHex[color]);
  55 |       }  react-hooks/set-state-in-effect
  59:43  error  Unexpected any. Specify a different type                                                                                                                                                                                                                                                                                                                                                                                                                                                                                                                                                                                                                                                                                                                                                                                                                                                                                                                                                                                                                                                                        @typescript-eslint/no-explicit-any

/Users/nithya-22218/Kanakkupulla/src/lib/auth.ts
   22:9   error  A `require()` style import is forbidden   @typescript-eslint/no-require-imports
   27:9   error  A `require()` style import is forbidden   @typescript-eslint/no-require-imports
  198:26  error  Unexpected any. Specify a different type  @typescript-eslint/no-explicit-any
  199:26  error  Unexpected any. Specify a different type  @typescript-eslint/no-explicit-any
  212:31  error  Unexpected any. Specify a different type  @typescript-eslint/no-explicit-any

/Users/nithya-22218/Kanakkupulla/src/lib/googleDriveAuth.ts
    3:52  error  Unexpected any. Specify a different type  @typescript-eslint/no-explicit-any
   10:32  error  Unexpected any. Specify a different type  @typescript-eslint/no-explicit-any
  120:23  error  Unexpected any. Specify a different type  @typescript-eslint/no-explicit-any

/Users/nithya-22218/Kanakkupulla/src/lib/notifications.ts
   72:21  error  Unexpected any. Specify a different type  @typescript-eslint/no-explicit-any
  168:48  error  Unexpected any. Specify a different type  @typescript-eslint/no-explicit-any

/Users/nithya-22218/Kanakkupulla/src/lib/prisma.ts
  12:30  error  Unexpected any. Specify a different type  @typescript-eslint/no-explicit-any

/Users/nithya-22218/Kanakkupulla/src/scripts/migrate-orders.ts
  13:44  error  Unexpected any. Specify a different type  @typescript-eslint/no-explicit-any

/Users/nithya-22218/Kanakkupulla/src/scripts/migrateGiftOrders.ts
  9:53  error  Unexpected any. Specify a different type  @typescript-eslint/no-explicit-any

/Users/nithya-22218/Kanakkupulla/src/scripts/updateAlbumLayout.ts
  12:35  error  Unexpected any. Specify a different type  @typescript-eslint/no-explicit-any
  44:54  error  Unexpected any. Specify a different type  @typescript-eslint/no-explicit-any

/Users/nithya-22218/Kanakkupulla/src/types/index.ts
  15:31  error  Unexpected any. Specify a different type  @typescript-eslint/no-explicit-any
  17:16  error  Unexpected any. Specify a different type  @typescript-eslint/no-explicit-any
  19:17  error  Unexpected any. Specify a different type  @typescript-eslint/no-explicit-any
  20:19  error  Unexpected any. Specify a different type  @typescript-eslint/no-explicit-any

✖ 560 problems (560 errors, 0 warnings)
  10 errors and 0 warnings potentially fixable with the `--fix` option.

